visit_id,visit_date,technician,customer_id,facility_id,systems_serviced,work_performed,chemicals_added,visit_status,follow_up_date,observations
V-0001,2026-03-02,Jenn Fowler,CUST-0001,F-0001,SYS-0001;SYS-0002;SYS-0003;SYS-0004;SYS-0005,"Full site service: tested boiler and feedwater, adjusted chemical feed, bottom blowdown",BW-210 3 gal; BW-305 1 gal; AM-115 1 qt; BW-210 2 gal; BW-305 2 gal; AM-115 1 qt; CT-770 6 gal; BIO-12 1 gal; CT-770 6 gal; BIO-12 1 gal,completed,2026-03-16,
V-0002,2026-03-02,Dale Hardy,CUST-0006,F-0007,SYS-0022,"Boiler water and condensate tests, dosed treatment, checked softener",BW-210 1 gal; BW-305 1 gal; AM-115 1 qt,completed,,All parameters in range.
V-0003,2026-03-02,Dale Hardy,CUST-0013,F-0015,SYS-0040,"Boiler water and condensate tests, dosed treatment, checked softener",BW-210 1 gal; BW-305 1 gal,completed,,Chemical pumps primed and verified.
V-0004,2026-03-03,Marcus Webb,CUST-0002,F-0002,SYS-0006;SYS-0007;SYS-0008,"Full site service: routine boiler service: tests, chemical dosing, blowdown check",BW-210 3 gal; BW-305 1 gal; CT-770 6 gal; BIO-12 1 gal,completed,,"Bleed valve cycled manually, operating normally."
V-0005,2026-03-03,Marcus Webb,CUST-0002,F-0003,SYS-0009;SYS-0010,"Boiler water and condensate tests, dosed treatment, checked softener",BW-210 3 gal; BW-305 2 gal; AM-115 1 qt; CT-770 3 gal; BIO-12 1 gal,completed,,Left updated log sheet with operator.
V-0006,2026-03-04,Marcus Webb,CUST-0005,F-0006,SYS-0019;SYS-0020;SYS-0021,Full site service: loop sample and inhibitor top-up as needed,CL-40 4 gal; CT-770 6 gal; BIO-12 1 gal; BW-210 2 gal; BW-305 1 gal,completed,,
V-0007,2026-03-04,Tomas Rivera,CUST-0008,F-0010,SYS-0027;SYS-0028;SYS-0029,"Full site service: routine boiler service: tests, chemical dosing, blowdown check",BW-210 2 gal; BW-305 1 gal; AM-115 1 qt; CT-770 6 gal; BIO-12 1 gal; CL-M40 1 gal,completed,,"Site contact unavailable, report left at office."
V-0008,2026-03-04,Tomas Rivera,CUST-0012,F-0014,SYS-0036;SYS-0037;SYS-0038;SYS-0039,"Full site service: routine boiler service: tests, chemical dosing, blowdown check",BW-210 1 gal; BW-305 1 gal; AM-115 1 qt; BW-210 2 gal; BW-305 2 gal; CT-770 6 gal; BIO-12 1 gal,completed,,Housekeeping around feed area needs attention.
V-0009,2026-03-04,Kyle Bishop,CUST-0022,F-0025,SYS-0053;SYS-0054,"Routine boiler service: tests, chemical dosing, blowdown check",BW-210 1 gal; BW-305 2 gal,completed,2026-03-18,Left updated log sheet with operator.
V-0010,2026-03-05,Jenn Fowler,CUST-0004,F-0005,SYS-0014;SYS-0015;SYS-0016;SYS-0017;SYS-0018,"Full site service: routine tower service: tests, biocide rotation, sump inspection",CT-785 5 gal; BIO-12 1 gal; CT-785 6 gal; BIO-12 1 gal; CT-785 3 gal; BIO-12 1 gal; CT-785 6 gal; BIO-12 1 gal; CL-M40 1 gal,completed,,
V-0011,2026-03-05,Dale Hardy,CUST-0007,F-0009,SYS-0025;SYS-0026,"Tested boiler and feedwater, adjusted chemical feed, bottom blowdown",BW-210 2 gal; BW-305 1 gal; AM-115 1 qt; CT-770 5 gal; BIO-12 1 gal,completed,2026-04-04,"Site contact unavailable, report left at office."
V-0012,2026-03-05,Dale Hardy,CUST-0011,F-0013,SYS-0035,"Boiler water and condensate tests, dosed treatment, checked softener",BW-210 2 gal; BW-305 2 gal; AM-115 1 qt,completed,,"Bleed valve cycled manually, operating normally."
V-0013,2026-03-06,Kyle Bishop,CUST-0003,F-0004,SYS-0011;SYS-0012;SYS-0013,"Full site service: tested boiler and feedwater, adjusted chemical feed, bottom blowdown",BW-210 3 gal; BW-305 2 gal; AM-115 1 qt; CT-770 4 gal; BIO-12 1 gal,completed,2026-03-20,
V-0014,2026-03-06,Jenn Fowler,CUST-0014,F-0016,SYS-0041;SYS-0042,"Tested boiler and feedwater, adjusted chemical feed, bottom blowdown",BW-210 3 gal; BW-305 1 gal; AM-115 1 qt; CT-770 6 gal; BIO-12 1 gal,completed,,Housekeeping around feed area needs attention.
V-0015,2026-03-09,Jenn Fowler,CUST-0001,F-0001,SYS-0001;SYS-0002;SYS-0003;SYS-0004;SYS-0005,"Full site service: tested boiler and feedwater, adjusted chemical feed, bottom blowdown",BW-210 3 gal; BW-305 1 gal; AM-115 1 qt; BW-210 3 gal; BW-305 1 gal; AM-115 1 qt; CT-770 3 gal; BRM-40 5 lb; CT-770 4 gal; BRM-40 5 lb,completed,,Left updated log sheet with operator.
V-0016,2026-03-09,Jenn Fowler,CUST-0006,F-0008,SYS-0023;SYS-0024,"Boiler water and condensate tests, dosed treatment, checked softener",BW-210 3 gal; BW-305 1 gal; CL-40 2 gal,completed,,
V-0017,2026-03-09,Kyle Bishop,CUST-0010,F-0012,SYS-0032;SYS-0033;SYS-0034,"Full site service: routine boiler service: tests, chemical dosing, blowdown check",BW-210 2 gal; BW-305 2 gal; AM-115 1 qt; BW-210 1 gal; BW-305 1 gal; AM-115 1 qt; CT-770 6 gal; BRM-40 5 lb,completed,,Left updated log sheet with operator.
V-0018,2026-03-10,Marcus Webb,CUST-0002,F-0002,SYS-0006;SYS-0007;SYS-0008,"Full site service: tested boiler and feedwater, adjusted chemical feed, bottom blowdown",BW-210 2 gal; BW-305 1 gal; AM-115 1 qt; CT-770 6 gal; BRM-40 5 lb; CL-40 2 gal,completed,,
V-0019,2026-03-10,Marcus Webb,CUST-0015,F-0017,SYS-0043;SYS-0044;SYS-0045,"Full site service: tested tower, adjusted bleed setpoint, dosed treatment",CT-770 3 gal; BRM-40 5 lb; CL-M40 1 gal,completed,,No issues noted.
V-0020,2026-03-10,Dale Hardy,CUST-0020,F-0023,SYS-0051,"Tested boiler and feedwater, adjusted chemical feed, bottom blowdown",BW-210 3 gal; BW-305 2 gal; AM-115 1 qt,completed,,
V-0021,2026-03-11,Tomas Rivera,CUST-0008,F-0010,SYS-0027;SYS-0028;SYS-0029,"Full site service: tested boiler and feedwater, adjusted chemical feed, bottom blowdown",BW-210 3 gal; BW-305 1 gal; AM-115 1 qt; CT-770 4 gal; BRM-40 5 lb,completed,,
V-0022,2026-03-12,Jenn Fowler,CUST-0004,F-0005,SYS-0014;SYS-0015;SYS-0016;SYS-0017;SYS-0018,"Full site service: tower water tests, dosed inhibitor and biocide, checked bleed valve",CT-785 5 gal; BRM-40 5 lb; CT-785 5 gal; BRM-40 5 lb; CT-785 5 gal; BRM-40 5 lb; CT-785 5 gal; BRM-40 5 lb; CL-M40 1 gal,completed,,Left updated log sheet with operator.
V-0023,2026-03-12,Dale Hardy,CUST-0009,F-0011,SYS-0030;SYS-0031,Loop sample and inhibitor top-up as needed,CL-40 2 gal; CT-770 6 gal; BRM-40 5 lb,completed,,Chemical pumps primed and verified.
V-0024,2026-03-13,Kyle Bishop,CUST-0003,F-0004,SYS-0011;SYS-0012;SYS-0013,"Full site service: boiler water and condensate tests, dosed treatment, checked softener",BW-210 2 gal; BW-305 2 gal; CT-770 5 gal; BRM-40 5 lb; CL-M40 1 gal,completed,,"Bleed valve cycled manually, operating normally."
V-0025,2026-03-13,Jenn Fowler,CUST-0014,F-0016,SYS-0041;SYS-0042,"Boiler water and condensate tests, dosed treatment, checked softener",BW-210 3 gal; BW-305 1 gal; CT-770 6 gal; BRM-40 5 lb,completed,,
V-0026,2026-03-16,Jenn Fowler,CUST-0001,F-0001,SYS-0001;SYS-0002;SYS-0003;SYS-0004;SYS-0005,"Full site service: routine boiler service: tests, chemical dosing, blowdown check",BW-210 2 gal; BW-305 1 gal; BW-210 1 gal; BW-305 1 gal; AM-115 1 qt; CT-770 6 gal; BIO-12 1 gal; CT-770 3 gal; BIO-12 1 gal,completed,,Left updated log sheet with operator.
V-0027,2026-03-16,Dale Hardy,CUST-0013,F-0015,SYS-0040,"Boiler water and condensate tests, dosed treatment, checked softener",BW-210 1 gal; BW-305 1 gal,completed,,
V-0028,2026-03-16,Kyle Bishop,CUST-0021,F-0024,SYS-0052,"Routine boiler service: tests, chemical dosing, blowdown check",BW-210 2 gal; BW-305 2 gal; AM-115 1 qt,completed,,Chemical pumps primed and verified.
V-0029,2026-03-17,Marcus Webb,CUST-0002,F-0002,SYS-0006;SYS-0007;SYS-0008,"Full site service: tested boiler and feedwater, adjusted chemical feed, bottom blowdown",BW-210 2 gal; BW-305 1 gal; AM-115 1 qt; CT-770 4 gal; BIO-12 1 gal,completed,,No issues noted.
V-0030,2026-03-17,Marcus Webb,CUST-0002,F-0003,SYS-0009;SYS-0010,"Tested boiler and feedwater, adjusted chemical feed, bottom blowdown",BW-210 3 gal; BW-305 2 gal; AM-115 1 qt; CT-770 5 gal; BIO-12 1 gal,completed,2026-03-24,
V-0031,2026-03-17,Jenn Fowler,CUST-0017,F-0019,,,,missed - rescheduled,,Rescheduled with site contact.
V-0032,2026-03-18,Marcus Webb,CUST-0005,F-0006,SYS-0019;SYS-0020;SYS-0021,"Full site service: tested loop, checked pot feeder, dosed inhibitor",CL-40 5 gal; CT-770 4 gal; BIO-12 1 gal; BW-210 1 gal; BW-305 1 gal,completed,2026-04-01,
V-0033,2026-03-18,Tomas Rivera,CUST-0008,F-0010,SYS-0027;SYS-0028;SYS-0029,"Full site service: routine boiler service: tests, chemical dosing, blowdown check",BW-210 1 gal; BW-305 1 gal; AM-115 1 qt; CT-770 5 gal; BIO-12 1 gal,completed,,
V-0034,2026-03-18,Tomas Rivera,CUST-0012,F-0014,SYS-0036;SYS-0037;SYS-0038;SYS-0039,"Full site service: boiler water and condensate tests, dosed treatment, checked softener",BW-210 3 gal; BW-305 2 gal; AM-115 1 qt; BW-210 3 gal; BW-305 2 gal; CT-770 5 gal; BIO-12 1 gal,completed,,No issues noted.
V-0035,2026-03-19,Jenn Fowler,CUST-0004,F-0005,SYS-0014;SYS-0015;SYS-0016;SYS-0017;SYS-0018,"Full site service: tower water tests, dosed inhibitor and biocide, checked bleed valve",CT-785 4 gal; BIO-12 1 gal; CT-785 5 gal; BIO-12 1 gal; CT-785 4 gal; BIO-12 1 gal; CT-785 3 gal; BIO-12 1 gal,completed,,"Site contact unavailable, report left at office."
V-0036,2026-03-19,Dale Hardy,CUST-0007,F-0009,SYS-0025;SYS-0026,"Tested boiler and feedwater, adjusted chemical feed, bottom blowdown",BW-210 2 gal; BW-305 1 gal; AM-115 1 qt; CT-770 5 gal; BIO-12 1 gal,completed,2026-04-02,
V-0037,2026-03-19,Dale Hardy,CUST-0016,F-0018,SYS-0046,"Routine boiler service: tests, chemical dosing, blowdown check",BW-210 2 gal; BW-305 1 gal; AM-115 1 qt,completed,,"Bleed valve cycled manually, operating normally."
V-0038,2026-03-20,Kyle Bishop,CUST-0003,F-0004,SYS-0011;SYS-0012;SYS-0013,"Full site service: tested boiler and feedwater, adjusted chemical feed, bottom blowdown",BW-210 2 gal; BW-305 2 gal; AM-115 1 qt; CT-770 5 gal; BIO-12 1 gal; CL-M40 1 gal,completed,,Housekeeping around feed area needs attention.
V-0039,2026-03-20,Jenn Fowler,CUST-0014,F-0016,SYS-0041;SYS-0042,"Routine boiler service: tests, chemical dosing, blowdown check",BW-210 3 gal; BW-305 2 gal; CT-770 5 gal; BIO-12 1 gal,completed,,
V-0040,2026-03-23,Jenn Fowler,CUST-0001,F-0001,SYS-0001;SYS-0002;SYS-0003;SYS-0004;SYS-0005,"Full site service: tested boiler and feedwater, adjusted chemical feed, bottom blowdown",BW-210 1 gal; BW-305 1 gal; AM-115 1 qt; BW-210 1 gal; BW-305 1 gal; AM-115 1 qt; CT-770 3 gal; BRM-40 5 lb; CT-770 6 gal; BRM-40 5 lb,completed,,No issues noted.
V-0041,2026-03-23,Kyle Bishop,CUST-0010,F-0012,SYS-0032;SYS-0033;SYS-0034,"Full site service: boiler water and condensate tests, dosed treatment, checked softener",BW-210 1 gal; BW-305 1 gal; AM-115 1 qt; BW-210 2 gal; BW-305 2 gal; AM-115 1 qt; CT-770 5 gal; BRM-40 5 lb,completed,,"Site contact unavailable, report left at office."
V-0042,2026-03-24,Marcus Webb,CUST-0002,F-0002,SYS-0006;SYS-0007;SYS-0008,"Full site service: tested boiler and feedwater, adjusted chemical feed, bottom blowdown",BW-210 2 gal; BW-305 2 gal; CT-770 4 gal; BRM-40 5 lb,completed,,No issues noted.
V-0043,2026-03-24,Marcus Webb,CUST-0015,F-0017,SYS-0043;SYS-0044;SYS-0045,"Full site service: tested tower, adjusted bleed setpoint, dosed treatment",CT-770 4 gal; BRM-40 5 lb,completed,,"Bleed valve cycled manually, operating normally."
V-0044,2026-03-25,Tomas Rivera,CUST-0008,F-0010,SYS-0027;SYS-0028;SYS-0029,"Full site service: tested boiler and feedwater, adjusted chemical feed, bottom blowdown",BW-210 2 gal; BW-305 1 gal; CT-770 5 gal; BRM-40 5 lb,completed,,Housekeeping around feed area needs attention.
V-0045,2026-03-25,Tomas Rivera,CUST-0018,F-0020,SYS-0049;SYS-0050,"Routine condenser service: tests, biocide, basin inspection",CT-770 6 gal; BRM-40 5 lb; CT-770 5 gal; BRM-40 5 lb,completed,,
V-0046,2026-03-26,Jenn Fowler,CUST-0004,F-0005,SYS-0014;SYS-0015;SYS-0016;SYS-0017;SYS-0018,"Full site service: tested tower, adjusted bleed setpoint, dosed treatment",CT-785 4 gal; BRM-40 5 lb; CT-785 4 gal; BRM-40 5 lb; CT-785 6 gal; BRM-40 5 lb; CT-785 3 gal; BRM-40 5 lb; CL-M40 1 gal,completed,,"Bleed valve cycled manually, operating normally."
V-0047,2026-03-27,Kyle Bishop,CUST-0003,F-0004,SYS-0011;SYS-0012;SYS-0013,"Full site service: routine boiler service: tests, chemical dosing, blowdown check",BW-210 3 gal; BW-305 2 gal; CT-770 3 gal; BRM-40 5 lb,completed,,Left updated log sheet with operator.
V-0048,2026-03-27,Jenn Fowler,CUST-0014,F-0016,SYS-0041;SYS-0042,"Boiler water and condensate tests, dosed treatment, checked softener",BW-210 3 gal; BW-305 1 gal; AM-115 1 qt; CT-770 5 gal; BRM-40 5 lb,completed,,
V-0049,2026-03-30,Jenn Fowler,CUST-0001,F-0001,SYS-0001;SYS-0002;SYS-0003;SYS-0004;SYS-0005,"Full site service: routine boiler service: tests, chemical dosing, blowdown check",BW-210 1 gal; BW-305 2 gal; BW-210 2 gal; BW-305 2 gal; CT-770 5 gal; BIO-12 1 gal; CT-770 6 gal; BIO-12 1 gal; CL-M40 1 gal,completed,,"Bleed valve cycled manually, operating normally."
V-0050,2026-03-30,Dale Hardy,CUST-0013,F-0015,SYS-0040,"Tested boiler and feedwater, adjusted chemical feed, bottom blowdown",BW-210 2 gal; BW-305 2 gal; AM-115 1 qt,completed,,
V-0051,2026-03-31,Marcus Webb,CUST-0002,F-0002,SYS-0006;SYS-0007;SYS-0008,"Full site service: tested boiler and feedwater, adjusted chemical feed, bottom blowdown",BW-210 2 gal; BW-305 2 gal; CT-770 5 gal; BIO-12 1 gal,completed,2026-04-07,All parameters in range.
V-0052,2026-03-31,Marcus Webb,CUST-0002,F-0021,SYS-0009;SYS-0010,"Boiler water and condensate tests, dosed treatment, checked softener",BW-210 3 gal; BW-305 2 gal; AM-115 1 qt; CT-770 4 gal; BIO-12 1 gal,completed,,Left updated log sheet with operator.
V-0053,2026-04-01,Marcus Webb,CUST-0005,F-0006,SYS-0019;SYS-0020;SYS-0021,Full site service: loop sample and inhibitor top-up as needed,CL-40 6 gal; CT-770 5 gal; BIO-12 1 gal; BW-210 2 gal; BW-305 2 gal; AM-115 1 qt,completed,,All parameters in range.
V-0054,2026-04-01,Tomas Rivera,CUST-0008,F-0010,SYS-0027;SYS-0028;SYS-0029,"Full site service: boiler water and condensate tests, dosed treatment, checked softener",BW-210 2 gal; BW-305 1 gal; CT-770 4 gal; BIO-12 1 gal; CL-M40 1 gal,completed,,Chemical pumps primed and verified.
V-0055,2026-04-01,Tomas Rivera,CUST-0012,F-0014,SYS-0036;SYS-0037;SYS-0038;SYS-0039,"Full site service: tested boiler and feedwater, adjusted chemical feed, bottom blowdown",BW-210 3 gal; BW-305 1 gal; AM-115 1 qt; BW-210 2 gal; BW-305 1 gal; AM-115 1 qt; CT-770 5 gal; BIO-12 1 gal,completed,,No issues noted.
V-0056,2026-04-01,Kyle Bishop,CUST-0022,F-0025,SYS-0053;SYS-0054,"Tested boiler and feedwater, adjusted chemical feed, bottom blowdown",BW-210 2 gal; BW-305 1 gal; CL-40 2 gal,completed,2026-04-15,Left updated log sheet with operator.
V-0057,2026-04-02,Jenn Fowler,CUST-0004,F-0005,SYS-0014;SYS-0015;SYS-0016;SYS-0017;SYS-0018,"Full site service: routine tower service: tests, biocide rotation, sump inspection",CT-785 5 gal; BIO-12 1 gal; CT-785 5 gal; BIO-12 1 gal; CT-785 3 gal; BIO-12 1 gal; CT-785 5 gal; BIO-12 1 gal,completed,,
V-0058,2026-04-02,Dale Hardy,CUST-0007,F-0009,SYS-0025;SYS-0026,"Tested boiler and feedwater, adjusted chemical feed, bottom blowdown",BW-210 3 gal; BW-305 1 gal; AM-115 1 qt; CT-770 3 gal; BIO-12 1 gal,completed,,No issues noted.
V-0059,2026-04-02,Dale Hardy,CUST-0011,F-0013,SYS-0035,"Tested boiler and feedwater, adjusted chemical feed, bottom blowdown",BW-210 2 gal; BW-305 2 gal,completed,,All parameters in range.
V-0060,2026-04-03,Kyle Bishop,CUST-0003,F-0004,SYS-0011;SYS-0012;SYS-0013,"Full site service: boiler water and condensate tests, dosed treatment, checked softener",BW-210 2 gal; BW-305 1 gal; AM-115 1 qt; CT-770 4 gal; BIO-12 1 gal,completed,2026-05-03,Chemical pumps primed and verified.
V-0061,2026-04-03,Jenn Fowler,CUST-0014,F-0016,SYS-0041;SYS-0042,"Boiler water and condensate tests, dosed treatment, checked softener",BW-210 2 gal; BW-305 2 gal; AM-115 1 qt; CT-770 6 gal; BIO-12 1 gal,completed,,Housekeeping around feed area needs attention.
V-0062,2026-04-06,Jenn Fowler,CUST-0001,F-0001,SYS-0001;SYS-0002;SYS-0003;SYS-0004;SYS-0005,"Full site service: boiler water and condensate tests, dosed treatment, checked softener",BW-210 1 gal; BW-305 2 gal; BW-210 1 gal; BW-305 2 gal; AM-115 1 qt; CT-770 4 gal; BRM-40 5 lb; CT-770 5 gal; BRM-40 5 lb,completed,,
V-0063,2026-04-06,Dale Hardy,CUST-0006,F-0007,SYS-0022,"Tested boiler and feedwater, adjusted chemical feed, bottom blowdown",BW-210 2 gal; BW-305 1 gal; AM-115 1 qt,completed,,
V-0064,2026-04-06,Kyle Bishop,CUST-0010,F-0012,SYS-0032;SYS-0033;SYS-0034,"Full site service: boiler water and condensate tests, dosed treatment, checked softener",BW-210 1 gal; BW-305 2 gal; AM-115 1 qt; BW-210 3 gal; BW-305 2 gal; AM-115 1 qt; CT-770 3 gal; BRM-40 5 lb,completed,,Left updated log sheet with operator.
V-0065,2026-04-07,Marcus Webb,CUST-0002,F-0002,SYS-0006;SYS-0007;SYS-0008,"Full site service: tested boiler and feedwater, adjusted chemical feed, bottom blowdown",BW-210 3 gal; BW-305 1 gal; AM-115 1 qt; CT-770 3 gal; BRM-40 5 lb,completed,2026-05-07,
V-0066,2026-04-07,Marcus Webb,CUST-0015,F-0017,SYS-0043;SYS-0044;SYS-0045,"Full site service: tested tower, adjusted bleed setpoint, dosed treatment",CT-770 5 gal; BRM-40 5 lb,completed,,No issues noted.
V-0067,2026-04-08,Tomas Rivera,CUST-0008,F-0010,SYS-0027;SYS-0028;SYS-0029,"Full site service: boiler water and condensate tests, dosed treatment, checked softener",BW-210 2 gal; BW-305 1 gal; AM-115 1 qt; CT-770 4 gal; BRM-40 5 lb,completed,,
V-0068,2026-04-09,Jenn Fowler,CUST-0004,F-0005,SYS-0014;SYS-0015;SYS-0016;SYS-0017;SYS-0018,"Full site service: tower water tests, dosed inhibitor and biocide, checked bleed valve",CT-785 5 gal; BRM-40 5 lb; CT-785 3 gal; BRM-40 5 lb; CT-785 5 gal; BRM-40 5 lb; CT-785 4 gal; BRM-40 5 lb,completed,,Housekeeping around feed area needs attention.
V-0069,2026-04-09,Dale Hardy,CUST-0009,F-0011,SYS-0030;SYS-0031,"Tested loop, checked pot feeder, dosed inhibitor",CL-40 1 gal; CT-770 4 gal; BRM-40 5 lb,completed,,No issues noted.
V-0070,2026-04-10,Kyle Bishop,CUST-0003,F-0004,SYS-0011;SYS-0012;SYS-0013,"Full site service: boiler water and condensate tests, dosed treatment, checked softener",BW-210 2 gal; BW-305 1 gal; AM-115 1 qt; CT-770 6 gal; BRM-40 5 lb,completed,,"Bleed valve cycled manually, operating normally."
V-0071,2026-04-10,Jenn Fowler,CUST-0014,F-0016,SYS-0041;SYS-0042,"Boiler water and condensate tests, dosed treatment, checked softener",BW-210 2 gal; BW-305 1 gal; CT-770 5 gal; BRM-40 5 lb,completed,,"Site contact unavailable, report left at office."
V-0072,2026-04-13,Jenn Fowler,CUST-0001,F-0001,SYS-0001;SYS-0002;SYS-0003;SYS-0004;SYS-0005,"Full site service: tested boiler and feedwater, adjusted chemical feed, bottom blowdown",BW-210 3 gal; BW-305 1 gal; AM-115 1 qt; BW-210 1 gal; BW-305 1 gal; AM-115 1 qt; CT-770 4 gal; BIO-12 1 gal; CT-770 6 gal; BIO-12 1 gal,completed,,All parameters in range.
V-0073,2026-04-13,Jenn Fowler,CUST-0006,F-0008,SYS-0023;SYS-0024,"Routine boiler service: tests, chemical dosing, blowdown check",BW-210 2 gal; BW-305 2 gal; AM-115 1 qt,completed,2026-04-20,"Site contact unavailable, report left at office."
V-0074,2026-04-13,Dale Hardy,CUST-0013,F-0015,SYS-0040,"Boiler water and condensate tests, dosed treatment, checked softener",BW-210 3 gal; BW-305 1 gal; AM-115 1 qt,completed,,
V-0075,2026-04-14,Marcus Webb,CUST-0002,F-0002,SYS-0006;SYS-0007;SYS-0008,"Full site service: tested boiler and feedwater, adjusted chemical feed, bottom blowdown",BW-210 2 gal; BW-305 1 gal; AM-115 1 qt; CT-770 3 gal; BIO-12 1 gal; CL-40 2 gal,completed,,Housekeeping around feed area needs attention.
V-0076,2026-04-14,Marcus Webb,CUST-0002,F-0003,SYS-0009;SYS-0010,"Boiler water and condensate tests, dosed treatment, checked softener",BW-210 2 gal; BW-305 1 gal; CT-770 4 gal; BIO-12 1 gal,completed,,
V-0077,2026-04-14,Dale Hardy,CUST-0020,F-0023,SYS-0051,"Boiler water and condensate tests, dosed treatment, checked softener",BW-210 3 gal; BW-305 1 gal; AM-115 1 qt,completed,,"Bleed valve cycled manually, operating normally."
V-0078,2026-04-15,Marcus Webb,CUST-0005,F-0006,SYS-0019;SYS-0020;SYS-0021,Full site service: loop sample and inhibitor top-up as needed,CL-40 7 gal; CT-770 5 gal; BIO-12 1 gal; BW-210 3 gal; BW-305 1 gal; AM-115 1 qt,completed,,
V-0079,2026-04-15,Tomas Rivera,CUST-0008,F-0010,SYS-0027;SYS-0028;SYS-0029,"Full site service: routine boiler service: tests, chemical dosing, blowdown check",BW-210 3 gal; BW-305 2 gal; AM-115 1 qt; CT-770 4 gal; BIO-12 1 gal; CL-M40 1 gal,completed,,Left updated log sheet with operator.
V-0080,2026-04-15,Tomas Rivera,CUST-0012,F-0014,SYS-0036;SYS-0037;SYS-0038;SYS-0039,"Full site service: routine boiler service: tests, chemical dosing, blowdown check",BW-210 3 gal; BW-305 1 gal; BW-210 3 gal; BW-305 2 gal; AM-115 1 qt; CT-770 3 gal; BIO-12 1 gal; CL-40 2 gal,completed,,
V-0081,2026-04-16,Jenn Fowler,CUST-0004,F-0005,SYS-0014;SYS-0015;SYS-0016;SYS-0017;SYS-0018,"Full site service: tower water tests, dosed inhibitor and biocide, checked bleed valve",CT-785 6 gal; BIO-12 1 gal; CT-785 5 gal; BIO-12 1 gal; CT-785 5 gal; BIO-12 1 gal; CT-785 5 gal; BIO-12 1 gal,completed,,Left updated log sheet with operator.
V-0082,2026-04-16,Dale Hardy,CUST-0016,F-0018,SYS-0046,"Boiler water and condensate tests, dosed treatment, checked softener",BW-210 2 gal; BW-305 1 gal,completed,2026-04-30,All parameters in range.
V-0083,2026-04-16,Dale Hardy,CUST-0019,F-0022,SYS-0025;SYS-0026,"Routine boiler service: tests, chemical dosing, blowdown check",BW-210 2 gal; BW-305 2 gal; AM-115 1 qt; CT-770 6 gal; BIO-12 1 gal,completed,,"Bleed valve cycled manually, operating normally."
V-0084,2026-04-17,Kyle Bishop,CUST-0003,F-0004,SYS-0011;SYS-0012;SYS-0013,"Full site service: tested boiler and feedwater, adjusted chemical feed, bottom blowdown",BW-210 2 gal; BW-305 1 gal; AM-115 1 qt; CT-770 6 gal; BIO-12 1 gal,completed,,All parameters in range.
V-0085,2026-04-17,Jenn Fowler,CUST-0014,F-0016,SYS-0041;SYS-0042,"Tested boiler and feedwater, adjusted chemical feed, bottom blowdown",BW-210 2 gal; BW-305 1 gal; AM-115 1 qt; CT-770 4 gal; BIO-12 1 gal,completed,,"Site contact unavailable, report left at office."
V-0086,2026-04-20,Jenn Fowler,CUST-0001,F-0001,SYS-0001;SYS-0002;SYS-0003;SYS-0004;SYS-0005,"Full site service: routine boiler service: tests, chemical dosing, blowdown check",BW-210 2 gal; BW-305 1 gal; AM-115 1 qt; BW-210 2 gal; BW-305 1 gal; AM-115 1 qt; CT-770 5 gal; BRM-40 5 lb; CT-770 3 gal; BRM-40 5 lb,completed,,No issues noted.
V-0087,2026-04-20,Kyle Bishop,CUST-0010,F-0012,SYS-0032;SYS-0033;SYS-0034,"Full site service: tested boiler and feedwater, adjusted chemical feed, bottom blowdown",BW-210 2 gal; BW-305 1 gal; AM-115 1 qt; BW-210 3 gal; BW-305 2 gal; AM-115 1 qt; CT-770 4 gal; BRM-40 5 lb,completed,,Chemical pumps primed and verified.
V-0088,2026-04-20,Kyle Bishop,CUST-0021,F-0024,SYS-0052,"Tested boiler and feedwater, adjusted chemical feed, bottom blowdown",BW-210 2 gal; BW-305 1 gal; AM-115 1 qt,completed,,No issues noted.
V-0089,2026-04-21,Marcus Webb,CUST-0002,F-0002,SYS-0006;SYS-0007;SYS-0008,"Full site service: boiler water and condensate tests, dosed treatment, checked softener",BW-210 2 gal; BW-305 2 gal; AM-115 1 qt; CT-770 5 gal; BRM-40 5 lb; CL-40 2 gal,completed,,"Site contact unavailable, report left at office."
V-0090,2026-04-21,Marcus Webb,CUST-0015,F-0017,SYS-0043;SYS-0044;SYS-0045,"Full site service: tower water tests, dosed inhibitor and biocide, checked bleed valve",CT-770 5 gal; BRM-40 5 lb; CL-M40 1 gal,completed,,
V-0091,2026-04-21,Jenn Fowler,CUST-0017,F-0019,SYS-0047;SYS-0048,"Boiler water and condensate tests, dosed treatment, checked softener",BW-210 1 gal; BW-305 1 gal; AM-115 1 qt; CT-770 4 gal; BRM-40 5 lb,completed,,
V-0092,2026-04-22,Tomas Rivera,CUST-0008,F-0010,SYS-0027;SYS-0028;SYS-0029,"Full site service: routine boiler service: tests, chemical dosing, blowdown check",BW-210 3 gal; BW-305 1 gal; AM-115 1 qt; CT-770 5 gal; BRM-40 5 lb,completed,2026-04-29,
V-0093,2026-04-22,Tomas Rivera,CUST-0018,F-0020,SYS-0049;SYS-0050,"Condenser water tests, dosed treatment, checked spray coverage",CT-770 5 gal; BRM-40 5 lb; CT-770 4 gal; BRM-40 5 lb,completed,,All parameters in range.
V-0094,2026-04-23,Jenn Fowler,CUST-0004,F-0005,SYS-0014;SYS-0015;SYS-0016;SYS-0017;SYS-0018,"Full site service: tower water tests, dosed inhibitor and biocide, checked bleed valve",CT-785 3 gal; BRM-40 5 lb; CT-785 5 gal; BRM-40 5 lb; CT-785 6 gal; BRM-40 5 lb; CT-785 6 gal; BRM-40 5 lb; CL-M40 1 gal,completed,,Chemical pumps primed and verified.
V-0095,2026-04-24,Kyle Bishop,CUST-0003,F-0004,SYS-0011;SYS-0012;SYS-0013,"Full site service: tested boiler and feedwater, adjusted chemical feed, bottom blowdown",BW-210 1 gal; BW-305 1 gal; AM-115 1 qt; CT-770 4 gal; BRM-40 5 lb,completed,,Chemical pumps primed and verified.
V-0096,2026-04-24,Jenn Fowler,CUST-0014,F-0016,SYS-0041;SYS-0042,"Boiler water and condensate tests, dosed treatment, checked softener",BW-210 1 gal; BW-305 1 gal; AM-115 1 qt; CT-770 6 gal; BRM-40 5 lb,completed,,No issues noted.
V-0097,2026-04-27,Jenn Fowler,CUST-0001,F-0001,SYS-0001;SYS-0002;SYS-0003;SYS-0004;SYS-0005,"Full site service: boiler water and condensate tests, dosed treatment, checked softener",BW-210 2 gal; BW-305 2 gal; AM-115 1 qt; BW-210 2 gal; BW-305 2 gal; AM-115 1 qt; CT-770 6 gal; BIO-12 1 gal; CT-770 5 gal; BIO-12 1 gal,completed,,Chemical pumps primed and verified.
V-0098,2026-04-27,Dale Hardy,CUST-0013,F-0015,SYS-0040,"Boiler water and condensate tests, dosed treatment, checked softener",BW-210 3 gal; BW-305 1 gal,completed,2026-05-27,"Bleed valve cycled manually, operating normally."
V-0099,2026-04-28,Marcus Webb,CUST-0002,F-0002,SYS-0006;SYS-0007;SYS-0008,"Full site service: routine boiler service: tests, chemical dosing, blowdown check",BW-210 1 gal; BW-305 2 gal; AM-115 1 qt; CT-770 5 gal; BIO-12 1 gal; CL-40 2 gal,completed,,"Bleed valve cycled manually, operating normally."
V-0100,2026-04-28,Marcus Webb,CUST-0002,F-0003,SYS-0009;SYS-0010,"Boiler water and condensate tests, dosed treatment, checked softener",BW-210 3 gal; BW-305 1 gal; CT-770 6 gal; BIO-12 1 gal,completed,,All parameters in range.
V-0101,2026-04-28,Jenn Fowler,CUST-0014,F-0016,SYS-0041;SYS-0042,"Callout: boiler low-water cutoff trip, reset and tested controls",BW-210 1 gal; BW-305 1 gal; AM-115 1 qt; CT-770 5 gal; BIO-12 1 gal,completed,,
V-0102,2026-04-29,Marcus Webb,CUST-0005,F-0006,SYS-0019;SYS-0020;SYS-0021,Full site service: loop sample and inhibitor top-up as needed,CL-40 8 gal; CT-770 5 gal; BIO-12 1 gal; BW-210 2 gal; BW-305 2 gal; AM-115 1 qt,completed,,"Bleed valve cycled manually, operating normally."
V-0103,2026-04-29,Tomas Rivera,CUST-0008,F-0010,SYS-0027;SYS-0028;SYS-0029,"Full site service: tested boiler and feedwater, adjusted chemical feed, bottom blowdown",BW-210 2 gal; BW-305 2 gal; AM-115 1 qt; CT-770 5 gal; BIO-12 1 gal,completed,2026-05-13,All parameters in range.
V-0104,2026-04-29,Tomas Rivera,CUST-0012,F-0014,SYS-0036;SYS-0037;SYS-0038;SYS-0039,"Full site service: boiler water and condensate tests, dosed treatment, checked softener",BW-210 1 gal; BW-305 1 gal; AM-115 1 qt; BW-210 3 gal; BW-305 1 gal; AM-115 1 qt; CT-770 3 gal; BIO-12 1 gal; CL-40 2 gal,completed,,"Site contact unavailable, report left at office."
V-0105,2026-04-30,Jenn Fowler,CUST-0004,F-0005,SYS-0014;SYS-0015;SYS-0016;SYS-0017;SYS-0018,"Full site service: tested tower, adjusted bleed setpoint, dosed treatment",CT-785 4 gal; BIO-12 1 gal; CT-785 3 gal; BIO-12 1 gal; CT-785 4 gal; BIO-12 1 gal; CT-785 6 gal; BIO-12 1 gal; CL-M40 1 gal,completed,,
V-0106,2026-04-30,Dale Hardy,CUST-0007,F-0009,SYS-0025;SYS-0026,"Tested boiler and feedwater, adjusted chemical feed, bottom blowdown",BW-210 1 gal; BW-305 1 gal; CT-770 4 gal; BIO-12 1 gal,completed,2026-05-14,
V-0107,2026-05-01,Kyle Bishop,CUST-0003,F-0004,SYS-0011;SYS-0012;SYS-0013,"Full site service: routine boiler service: tests, chemical dosing, blowdown check",BW-210 3 gal; BW-305 1 gal; CT-770 4 gal; BIO-12 1 gal; CL-M40 1 gal,completed,,Chemical pumps primed and verified.
V-0108,2026-05-01,Jenn Fowler,CUST-0014,F-0016,SYS-0041;SYS-0042,"Tested boiler and feedwater, adjusted chemical feed, bottom blowdown",BW-210 2 gal; BW-305 1 gal; AM-115 1 qt; CT-770 6 gal; BIO-12 1 gal,completed,,
V-0109,2026-05-04,Jenn Fowler,CUST-0001,F-0001,SYS-0001;SYS-0002;SYS-0003;SYS-0004;SYS-0005,"Full site service: routine boiler service: tests, chemical dosing, blowdown check",BW-210 3 gal; BW-305 1 gal; AM-115 1 qt; BW-210 1 gal; BW-305 2 gal; AM-115 1 qt; CT-770 5 gal; BRM-40 5 lb; CT-770 6 gal; BRM-40 5 lb,completed,,
V-0110,2026-05-04,Dale Hardy,CUST-0006,F-0007,SYS-0022,"Boiler water and condensate tests, dosed treatment, checked softener",BW-210 2 gal; BW-305 1 gal,completed,2026-06-03,No issues noted.
V-0111,2026-05-04,Kyle Bishop,CUST-0010,F-0012,SYS-0032;SYS-0033;SYS-0034,"Full site service: routine boiler service: tests, chemical dosing, blowdown check",BW-210 3 gal; BW-305 1 gal; BW-210 2 gal; BW-305 1 gal; AM-115 1 qt; CT-770 5 gal; BRM-40 5 lb,completed,,
V-0112,2026-05-05,Marcus Webb,CUST-0002,F-0002,SYS-0006;SYS-0007;SYS-0008,"Full site service: boiler water and condensate tests, dosed treatment, checked softener",BW-210 1 gal; BW-305 1 gal; AM-115 1 qt; CT-770 5 gal; BRM-40 5 lb; CL-40 1 gal,completed,2026-05-12,
V-0113,2026-05-05,Marcus Webb,CUST-0015,F-0017,SYS-0043;SYS-0044;SYS-0045,"Full site service: tower water tests, dosed inhibitor and biocide, checked bleed valve",CT-770 3 gal; BRM-40 5 lb,completed,,Housekeeping around feed area needs attention.
V-0114,2026-05-06,Tomas Rivera,CUST-0008,F-0010,SYS-0027;SYS-0028;SYS-0029,"Full site service: boiler water and condensate tests, dosed treatment, checked softener",BW-210 2 gal; BW-305 1 gal; AM-115 1 qt; CT-770 5 gal; BRM-40 5 lb,completed,,Left updated log sheet with operator.
V-0115,2026-05-06,Kyle Bishop,CUST-0022,F-0025,SYS-0053;SYS-0054,"Boiler water and condensate tests, dosed treatment, checked softener",BW-210 2 gal; BW-305 1 gal; AM-115 1 qt; CL-40 1 gal,completed,,
V-0116,2026-05-07,Jenn Fowler,CUST-0004,F-0005,SYS-0014;SYS-0015;SYS-0016;SYS-0017;SYS-0018,"Full site service: tested tower, adjusted bleed setpoint, dosed treatment",CT-785 6 gal; BRM-40 5 lb; CT-785 5 gal; BRM-40 5 lb; CT-785 3 gal; BRM-40 5 lb; CT-785 5 gal; BRM-40 5 lb,completed,,"Bleed valve cycled manually, operating normally."
V-0117,2026-05-07,Dale Hardy,CUST-0011,F-0013,SYS-0035,"Tested boiler and feedwater, adjusted chemical feed, bottom blowdown",BW-210 3 gal; BW-305 1 gal; AM-115 1 qt,completed,,
V-0118,2026-05-08,Kyle Bishop,CUST-0003,F-0004,SYS-0011;SYS-0012;SYS-0013,"Full site service: tested boiler and feedwater, adjusted chemical feed, bottom blowdown",BW-210 1 gal; BW-305 1 gal; AM-115 1 qt; CT-770 5 gal; BRM-40 5 lb,completed,,
V-0119,2026-05-08,Jenn Fowler,CUST-0014,F-0016,SYS-0041;SYS-0042,"Routine boiler service: tests, chemical dosing, blowdown check",BW-210 3 gal; BW-305 1 gal; AM-115 1 qt; CT-770 5 gal; BRM-40 5 lb,completed,,"Site contact unavailable, report left at office."
V-0120,2026-05-11,Jenn Fowler,CUST-0001,F-0001,SYS-0001;SYS-0002;SYS-0003;SYS-0004;SYS-0005,"Full site service: boiler water and condensate tests, dosed treatment, checked softener",BW-210 2 gal; BW-305 2 gal; BW-210 2 gal; BW-305 2 gal; AM-115 1 qt; CT-770 4 gal; BIO-12 1 gal; CT-770 5 gal; BIO-12 1 gal; CL-M40 1 gal,completed,,
V-0121,2026-05-11,Jenn Fowler,CUST-0006,F-0008,SYS-0023;SYS-0024,"Boiler water and condensate tests, dosed treatment, checked softener",BW-210 2 gal; BW-305 2 gal,completed,,Chemical pumps primed and verified.
V-0122,2026-05-11,Dale Hardy,CUST-0013,F-0015,SYS-0040,"Tested boiler and feedwater, adjusted chemical feed, bottom blowdown",BW-210 2 gal; BW-305 1 gal; AM-115 1 qt,completed,,
V-0123,2026-05-12,Marcus Webb,CUST-0002,F-0002,SYS-0006;SYS-0007;SYS-0008,"Full site service: tested boiler and feedwater, adjusted chemical feed, bottom blowdown",BW-210 2 gal; BW-305 2 gal; AM-115 1 qt; CT-770 5 gal; BIO-12 1 gal; CL-40 2 gal,completed,,All parameters in range.
V-0124,2026-05-12,Marcus Webb,CUST-0002,F-0003,SYS-0009;SYS-0010,"Routine boiler service: tests, chemical dosing, blowdown check",BW-210 2 gal; BW-305 2 gal; CT-770 5 gal; BIO-12 1 gal,completed,,"Site contact unavailable, report left at office."
V-0125,2026-05-12,Dale Hardy,CUST-0020,F-0023,SYS-0051,"Routine boiler service: tests, chemical dosing, blowdown check",BW-210 1 gal; BW-305 1 gal; AM-115 1 qt,completed,,No issues noted.
V-0126,2026-05-13,Marcus Webb,CUST-0005,F-0006,SYS-0019;SYS-0020;SYS-0021,"Full site service: tested loop, checked pot feeder, dosed inhibitor",CL-40 9 gal; CT-770 5 gal; BIO-12 1 gal; BW-210 2 gal; BW-305 1 gal,completed,,Chemical pumps primed and verified.
V-0127,2026-05-13,Tomas Rivera,CUST-0008,F-0010,SYS-0027;SYS-0028;SYS-0029,"Full site service: routine boiler service: tests, chemical dosing, blowdown check",BW-210 1 gal; BW-305 2 gal; AM-115 1 qt; CT-770 4 gal; BIO-12 1 gal,completed,,Housekeeping around feed area needs attention.
V-0128,2026-05-13,Tomas Rivera,CUST-0012,F-0014,SYS-0036;SYS-0037;SYS-0038;SYS-0039,"Full site service: tested boiler and feedwater, adjusted chemical feed, bottom blowdown",BW-210 3 gal; BW-305 2 gal; BW-210 2 gal; BW-305 1 gal; CT-770 5 gal; BIO-12 1 gal; CL-40 2 gal,completed,,
V-0129,2026-05-14,Jenn Fowler,CUST-0004,F-0005,SYS-0014;SYS-0015;SYS-0016;SYS-0017;SYS-0018,"Full site service: tower water tests, dosed inhibitor and biocide, checked bleed valve",CT-785 6 gal; BIO-12 1 gal; CT-785 3 gal; BIO-12 1 gal; CT-785 3 gal; BIO-12 1 gal; CT-785 5 gal; BIO-12 1 gal,completed,,Housekeeping around feed area needs attention.
V-0130,2026-05-14,Dale Hardy,CUST-0007,F-0009,SYS-0025;SYS-0026,"Tested boiler and feedwater, adjusted chemical feed, bottom blowdown",BW-210 1 gal; BW-305 2 gal; AM-115 1 qt; CT-770 6 gal; BIO-12 1 gal,completed,,No issues noted.
V-0131,2026-05-14,Dale Hardy,CUST-0009,F-0011,SYS-0030;SYS-0031,Loop sample and inhibitor top-up as needed,CL-40 1 gal; CT-770 5 gal; BIO-12 1 gal,completed,,Housekeeping around feed area needs attention.
V-0132,2026-05-15,Kyle Bishop,CUST-0003,F-0004,SYS-0011;SYS-0012;SYS-0013,"Full site service: boiler water and condensate tests, dosed treatment, checked softener",BW-210 2 gal; BW-305 1 gal; AM-115 1 qt; CT-770 4 gal; BIO-12 1 gal,completed,,
V-0133,2026-05-15,Jenn Fowler,CUST-0014,F-0016,SYS-0041;SYS-0042,"Boiler water and condensate tests, dosed treatment, checked softener",BW-210 2 gal; BW-305 2 gal; AM-115 1 qt; CT-770 6 gal; BIO-12 1 gal,completed,,Chemical pumps primed and verified.
V-0134,2026-05-18,Jenn Fowler,CUST-0001,F-0001,SYS-0001;SYS-0002;SYS-0003;SYS-0004;SYS-0005,"Full site service: routine boiler service: tests, chemical dosing, blowdown check",BW-210 2 gal; BW-305 1 gal; AM-115 1 qt; BW-210 2 gal; BW-305 2 gal; AM-115 1 qt; CT-770 5 gal; BRM-40 5 lb; CT-770 3 gal; BRM-40 5 lb; CL-M40 1 gal,completed,,"Site contact unavailable, report left at office."
V-0135,2026-05-18,Kyle Bishop,CUST-0010,F-0012,SYS-0032;SYS-0033;SYS-0034,"Full site service: tested boiler and feedwater, adjusted chemical feed, bottom blowdown",BW-210 1 gal; BW-305 1 gal; AM-115 1 qt; BW-210 1 gal; BW-305 1 gal; CT-770 5 gal; BRM-40 5 lb,completed,2026-06-17,"Site contact unavailable, report left at office."
V-0136,2026-05-18,Kyle Bishop,CUST-0021,F-0024,SYS-0052,"Routine boiler service: tests, chemical dosing, blowdown check",BW-210 2 gal; BW-305 1 gal,completed,,
V-0137,2026-05-19,Marcus Webb,CUST-0002,F-0002,SYS-0006;SYS-0007;SYS-0008,"Full site service: tested boiler and feedwater, adjusted chemical feed, bottom blowdown",BW-210 3 gal; BW-305 1 gal; AM-115 1 qt; CT-770 3 gal; BRM-40 5 lb,completed,,
V-0138,2026-05-19,Marcus Webb,CUST-0015,F-0017,SYS-0043;SYS-0044;SYS-0045,"Full site service: routine tower service: tests, biocide rotation, sump inspection",CT-770 5 gal; BRM-40 5 lb,completed,,
V-0139,2026-05-19,Jenn Fowler,CUST-0017,F-0019,SYS-0047;SYS-0048,"Tested boiler and feedwater, adjusted chemical feed, bottom blowdown",BW-210 2 gal; BW-305 2 gal; AM-115 1 qt; CT-770 5 gal; BRM-40 5 lb,completed,,"Site contact unavailable, report left at office."
V-0140,2026-05-20,Tomas Rivera,CUST-0008,F-0010,SYS-0027;SYS-0028;SYS-0029,"Full site service: boiler water and condensate tests, dosed treatment, checked softener",BW-210 1 gal; BW-305 2 gal; AM-115 1 qt; CT-770 3 gal; BRM-40 5 lb,completed,,No issues noted.
V-0141,2026-05-21,Jenn Fowler,CUST-0004,F-0005,SYS-0014;SYS-0015;SYS-0016;SYS-0017;SYS-0018,"Full site service: tested tower, adjusted bleed setpoint, dosed treatment",CT-785 3 gal; BRM-40 5 lb; CT-785 5 gal; BRM-40 5 lb; CT-785 6 gal; BRM-40 5 lb; CT-785 6 gal; BRM-40 5 lb; CL-M40 1 gal,completed,,All parameters in range.
V-0142,2026-05-21,Dale Hardy,CUST-0016,F-0018,SYS-0046,"Boiler water and condensate tests, dosed treatment, checked softener",BW-210 2 gal; BW-305 1 gal; AM-115 1 qt,completed,2026-06-20,Chemical pumps primed and verified.
V-0143,2026-05-22,Kyle Bishop,CUST-0003,F-0004,SYS-0011;SYS-0012;SYS-0013,"Full site service: tested boiler and feedwater, adjusted chemical feed, bottom blowdown",BW-210 2 gal; BW-305 2 gal; AM-115 1 qt; CT-770 3 gal; BRM-40 5 lb,completed,,"Site contact unavailable, report left at office."
V-0144,2026-05-22,Jenn Fowler,CUST-0014,F-0016,SYS-0041;SYS-0042,"Tested boiler and feedwater, adjusted chemical feed, bottom blowdown",BW-210 2 gal; BW-305 1 gal; AM-115 1 qt; CT-770 4 gal; BRM-40 5 lb,completed,2026-06-05,No issues noted.
V-0145,2026-05-25,Jenn Fowler,CUST-0001,F-0001,SYS-0001;SYS-0002;SYS-0003;SYS-0004;SYS-0005,"Full site service: boiler water and condensate tests, dosed treatment, checked softener",BW-210 2 gal; BW-305 1 gal; AM-115 1 qt; BW-210 2 gal; BW-305 1 gal; AM-115 1 qt; CT-770 5 gal; BIO-12 1 gal; CT-770 3 gal; BIO-12 1 gal,completed,,Left updated log sheet with operator.
V-0146,2026-05-25,Dale Hardy,CUST-0013,F-0015,SYS-0040,"Routine boiler service: tests, chemical dosing, blowdown check",BW-210 2 gal; BW-305 1 gal; AM-115 1 qt,completed,,All parameters in range.
V-0147,2026-05-26,Marcus Webb,CUST-0002,F-0002,SYS-0006;SYS-0007;SYS-0008,"Full site service: boiler water and condensate tests, dosed treatment, checked softener",BW-210 2 gal; BW-305 1 gal; AM-115 1 qt; CT-770 4 gal; BIO-12 1 gal; CL-40 1 gal,completed,,"Bleed valve cycled manually, operating normally."
V-0148,2026-05-26,Marcus Webb,CUST-0002,F-0003,SYS-0009;SYS-0010,"Boiler water and condensate tests, dosed treatment, checked softener",BW-210 1 gal; BW-305 1 gal; AM-115 1 qt; CT-770 3 gal; BIO-12 1 gal,completed,,
V-0149,2026-05-27,Marcus Webb,CUST-0005,F-0006,SYS-0019;SYS-0020;SYS-0021,Full site service: loop sample and inhibitor top-up as needed,CL-40 10 gal; CT-770 5 gal; BIO-12 1 gal; BW-210 3 gal; BW-305 1 gal,completed,,"Bleed valve cycled manually, operating normally."
V-0150,2026-05-27,Tomas Rivera,CUST-0008,F-0010,SYS-0027;SYS-0028;SYS-0029,"Full site service: tested boiler and feedwater, adjusted chemical feed, bottom blowdown",BW-210 2 gal; BW-305 1 gal; AM-115 1 qt; CT-770 4 gal; BIO-12 1 gal,completed,,
V-0151,2026-05-27,Tomas Rivera,CUST-0012,F-0014,SYS-0036;SYS-0037;SYS-0038;SYS-0039,"Full site service: boiler water and condensate tests, dosed treatment, checked softener",BW-210 2 gal; BW-305 1 gal; BW-210 3 gal; BW-305 1 gal; AM-115 1 qt; CT-770 5 gal; BIO-12 1 gal,completed,,Left updated log sheet with operator.
V-0152,2026-05-27,Tomas Rivera,CUST-0018,F-0020,SYS-0049;SYS-0050,"Condenser water tests, dosed treatment, checked spray coverage",CT-770 5 gal; BIO-12 1 gal; CT-770 5 gal; BIO-12 1 gal,completed,,Left updated log sheet with operator.
V-0153,2026-05-28,Jenn Fowler,CUST-0004,F-0005,SYS-0014;SYS-0015;SYS-0016;SYS-0017;SYS-0018,"Full site service: routine tower service: tests, biocide rotation, sump inspection",CT-785 3 gal; BIO-12 1 gal; CT-785 5 gal; BIO-12 1 gal; CT-785 6 gal; BIO-12 1 gal; CT-785 5 gal; BIO-12 1 gal,completed,,All parameters in range.
V-0154,2026-05-28,Dale Hardy,CUST-0019,F-0022,SYS-0025;SYS-0026,"Tested boiler and feedwater, adjusted chemical feed, bottom blowdown",BW-210 2 gal; BW-305 1 gal; CT-770 5 gal; BIO-12 1 gal,completed,,Housekeeping around feed area needs attention.
V-0155,2026-05-29,Kyle Bishop,CUST-0003,F-0004,SYS-0011;SYS-0012;SYS-0013,"Full site service: boiler water and condensate tests, dosed treatment, checked softener",BW-210 2 gal; BW-305 2 gal; CT-770 4 gal; BIO-12 1 gal; CL-M40 1 gal,completed,,
V-0156,2026-05-29,Jenn Fowler,CUST-0014,F-0016,SYS-0041;SYS-0042,"Tested boiler and feedwater, adjusted chemical feed, bottom blowdown",BW-210 1 gal; BW-305 1 gal; AM-115 1 qt; CT-770 6 gal; BIO-12 1 gal,completed,,Housekeeping around feed area needs attention.
V-0157,2026-05-31,Dale Hardy,CUST-0016,F-0018,SYS-0046,"Descaled brewhouse boiler sight glass, tests, dosing",BW-210 2 gal; BW-305 1 gal,completed,2026-06-30,
V-0158,2026-06-01,Jenn Fowler,CUST-0001,F-0001,SYS-0001;SYS-0002;SYS-0003;SYS-0004;SYS-0005,"Full site service: tested boiler and feedwater, adjusted chemical feed, bottom blowdown",BW-210 2 gal; BW-305 1 gal; BW-210 3 gal; BW-305 1 gal; CT-770 4 gal; BRM-40 5 lb; CT-770 5 gal; BRM-40 5 lb,completed,,
V-0159,2026-06-01,Dale Hardy,CUST-0006,F-0007,SYS-0022,"Boiler water and condensate tests, dosed treatment, checked softener",BW-210 2 gal; BW-305 1 gal,completed,2026-06-08,"Sulfite low at 12 ppm, dosing pump output erratic. Bumped stroke, monitor."
V-0160,2026-06-01,Kyle Bishop,CUST-0010,F-0012,SYS-0032;SYS-0033;SYS-0034,"Full site service: routine boiler service: tests, chemical dosing, blowdown check",BW-210 1 gal; BW-305 2 gal; AM-115 1 qt; BW-210 3 gal; BW-305 2 gal; AM-115 1 qt; CT-770 6 gal; BRM-40 5 lb,completed,2026-06-15,
V-0161,2026-06-02,Marcus Webb,CUST-0002,F-0002,SYS-0006;SYS-0007;SYS-0008,"Full site service: boiler water and condensate tests, dosed treatment, checked softener",BW-210 2 gal; BW-305 1 gal; AM-115 1 qt; CT-770 6 gal; BRM-40 5 lb,completed,,
V-0162,2026-06-02,Marcus Webb,CUST-0015,F-0017,SYS-0043;SYS-0044;SYS-0045,"Full site service: tower water tests, dosed inhibitor and biocide, checked bleed valve",CT-770 6 gal; BRM-40 5 lb,completed,,All parameters in range.
V-0163,2026-06-03,Tomas Rivera,CUST-0008,F-0010,SYS-0027;SYS-0028;SYS-0029,"Full site service: boiler water and condensate tests, dosed treatment, checked softener",BW-210 2 gal; BW-305 1 gal; AM-115 1 qt; CT-770 5 gal; BRM-40 5 lb,completed,,"Site contact unavailable, report left at office."
V-0164,2026-06-03,Kyle Bishop,CUST-0022,F-0025,SYS-0053;SYS-0054,"Routine boiler service: tests, chemical dosing, blowdown check",BW-210 1 gal; BW-305 1 gal,completed,,
V-0165,2026-06-04,Jenn Fowler,CUST-0004,F-0005,SYS-0014;SYS-0015;SYS-0016;SYS-0017;SYS-0018,"Full site service: routine tower service: tests, biocide rotation, sump inspection",CT-785 4 gal; BRM-40 5 lb; CT-785 5 gal; BRM-40 5 lb; CT-785 5 gal; BRM-40 5 lb; CT-785 6 gal; BRM-40 5 lb; CL-M40 1 gal,completed,2026-07-04,
V-0166,2026-06-04,Dale Hardy,CUST-0011,F-0013,SYS-0035,"Tested boiler and feedwater, adjusted chemical feed, bottom blowdown",BW-210 2 gal; BW-305 1 gal,completed,,"Bleed valve cycled manually, operating normally."
V-0167,2026-06-05,Kyle Bishop,CUST-0003,F-0004,SYS-0011;SYS-0012;SYS-0013,"Full site service: tested boiler and feedwater, adjusted chemical feed, bottom blowdown",BW-210 3 gal; BW-305 1 gal; AM-115 1 qt; CT-770 6 gal; BRM-40 5 lb,completed,,
V-0168,2026-06-05,Jenn Fowler,CUST-0014,F-0016,SYS-0041;SYS-0042,"Routine boiler service: tests, chemical dosing, blowdown check",BW-210 2 gal; BW-305 1 gal; CT-770 3 gal; BRM-40 5 lb,completed,2026-07-05,
V-0169,2026-06-08,Jenn Fowler,CUST-0001,F-0001,SYS-0001;SYS-0002;SYS-0003;SYS-0004;SYS-0005,"Full site service: boiler water and condensate tests, dosed treatment, checked softener",BW-210 2 gal; BW-305 1 gal; AM-115 1 qt; BW-210 2 gal; BW-305 2 gal; AM-115 1 qt; CT-770 3 gal; BIO-12 1 gal; CT-770 5 gal; BIO-12 1 gal; CL-M40 1 gal,completed,,
V-0170,2026-06-08,Dale Hardy,CUST-0013,F-0015,SYS-0040,"Routine boiler service: tests, chemical dosing, blowdown check",BW-210 2 gal; BW-305 1 gal; AM-115 1 qt,completed,2026-06-22,Chemical pumps primed and verified.
V-0171,2026-06-09,Marcus Webb,CUST-0002,F-0002,SYS-0006;SYS-0007;SYS-0008,"Full site service: routine boiler service: tests, chemical dosing, blowdown check",BW-210 2 gal; BW-305 1 gal; CT-770 5 gal; BIO-12 1 gal; CL-40 1 gal,completed,,
V-0172,2026-06-09,Marcus Webb,CUST-0002,F-0003,SYS-0009;SYS-0010,"Tested boiler and feedwater, adjusted chemical feed, bottom blowdown",BW-210 1 gal; BW-305 2 gal; AM-115 1 qt; CT-770 3 gal; BIO-12 1 gal,completed,2026-07-09,
V-0173,2026-06-09,Dale Hardy,CUST-0020,F-0023,SYS-0051,"Routine boiler service: tests, chemical dosing, blowdown check",BW-210 1 gal; BW-305 2 gal; AM-115 1 qt,completed,,
V-0174,2026-06-10,Marcus Webb,CUST-0005,F-0006,SYS-0019;SYS-0020;SYS-0021,Full site service: loop sample and inhibitor top-up as needed,CL-40 11 gal; CT-770 6 gal; BIO-12 1 gal; BW-210 1 gal; BW-305 1 gal,completed,2026-06-12,"Makeup meter on closed loop read 38,940 (up 3,850 since last visit). Loop should not take makeup. Flagged to plant engineer."
V-0175,2026-06-10,Tomas Rivera,CUST-0008,F-0010,SYS-0027;SYS-0028;SYS-0029,"Full site service: tested boiler and feedwater, adjusted chemical feed, bottom blowdown",BW-210 2 gal; BW-305 1 gal; AM-115 1 qt; CT-770 3 gal; BIO-12 1 gal,completed,,
V-0176,2026-06-10,Tomas Rivera,CUST-0012,F-0014,SYS-0036;SYS-0037;SYS-0038;SYS-0039,"Full site service: tested boiler and feedwater, adjusted chemical feed, bottom blowdown",BW-210 3 gal; BW-305 1 gal; BW-210 3 gal; BW-305 1 gal; AM-115 1 qt; CT-770 3 gal; BIO-12 1 gal,completed,,Chemical pumps primed and verified.
V-0177,2026-06-11,Jenn Fowler,CUST-0004,F-0005,SYS-0014;SYS-0015;SYS-0016;SYS-0017;SYS-0018,"Full site service: routine tower service: tests, biocide rotation, sump inspection",CT-785 6 gal; BIO-12 1 gal; CT-785 3 gal; BIO-12 1 gal; CT-785 6 gal; BIO-12 1 gal; CT-785 6 gal; BIO-12 1 gal,completed,,Chemical pumps primed and verified.
V-0178,2026-06-11,Dale Hardy,CUST-0007,F-0009,SYS-0025;SYS-0026,"Boiler water and condensate tests, dosed treatment, checked softener",BW-210 3 gal; BW-305 1 gal; AM-115 1 qt; CT-770 6 gal; BIO-12 1 gal,completed,,Housekeeping around feed area needs attention.
V-0179,2026-06-11,Dale Hardy,CUST-0009,F-0011,SYS-0030;SYS-0031,"Tested loop, checked pot feeder, dosed inhibitor",CT-770 4 gal; BIO-12 1 gal,completed,2026-06-25,
V-0180,2026-06-12,Kyle Bishop,CUST-0003,F-0004,SYS-0011;SYS-0012;SYS-0013,"Full site service: tested boiler and feedwater, adjusted chemical feed, bottom blowdown",BW-210 3 gal; BW-305 2 gal; AM-115 1 qt; CT-770 4 gal; BIO-12 1 gal; CL-M40 1 gal,completed,,Housekeeping around feed area needs attention.
V-0181,2026-06-12,Marcus Webb,CUST-0005,F-0006,SYS-0019;SYS-0020;SYS-0021,"Callout: closed loop pressure loss, inspected visible piping, logged makeup meter",CL-40 6 gal; CT-770 6 gal; BIO-12 1 gal; BW-210 2 gal; BW-305 1 gal; AM-115 1 qt,completed,,"No visible leaks in mechanical room or trench. Makeup meter 39,210. Suspect underground section near loading dock. Opened work order."
V-0182,2026-06-12,Jenn Fowler,CUST-0014,F-0016,SYS-0041;SYS-0042,"Routine boiler service: tests, chemical dosing, blowdown check",BW-210 3 gal; BW-305 2 gal; CT-770 6 gal; BIO-12 1 gal,completed,,No issues noted.
V-0183,2026-06-15,Tomas Rivera,CUST-0001,F-0001,SYS-0001;SYS-0002;SYS-0003;SYS-0004;SYS-0005,"Full site service: routine boiler service: tests, chemical dosing, blowdown check",BW-210 1 gal; BW-305 2 gal; AM-115 1 qt; BW-210 3 gal; BW-305 2 gal; AM-115 1 qt; CT-770 4 gal; BRM-40 5 lb; CT-770 6 gal; BRM-40 5 lb,completed,,
V-0184,2026-06-15,Kyle Bishop,CUST-0010,F-0012,SYS-0032;SYS-0033;SYS-0034,"Full site service: boiler water and condensate tests, dosed treatment, checked softener",BW-210 2 gal; BW-305 1 gal; BW-210 2 gal; BW-305 1 gal; CT-770 4 gal; BRM-40 5 lb,completed,,
V-0185,2026-06-15,Kyle Bishop,CUST-0021,F-0024,,,,missed - rescheduled,,Rescheduled with site contact.
V-0186,2026-06-16,Marcus Webb,CUST-0002,F-0002,SYS-0006;SYS-0007;SYS-0008,"Full site service: tested boiler and feedwater, adjusted chemical feed, bottom blowdown",BW-210 1 gal; BW-305 2 gal; CT-770 6 gal; BRM-40 5 lb; CL-40 2 gal,completed,,
V-0187,2026-06-16,Marcus Webb,CUST-0015,F-0017,SYS-0043;SYS-0044;SYS-0045,"Full site service: routine tower service: tests, biocide rotation, sump inspection",CT-770 4 gal; BRM-40 5 lb; CL-M40 1 gal,completed,,Housekeeping around feed area needs attention.
V-0188,2026-06-16,Tomas Rivera,CUST-0017,F-0019,SYS-0047;SYS-0048,"Tested boiler and feedwater, adjusted chemical feed, bottom blowdown",BW-210 1 gal; BW-305 1 gal; AM-115 1 qt; CT-770 5 gal; BRM-40 5 lb,completed,2026-06-30,Housekeeping around feed area needs attention.
V-0189,2026-06-17,Tomas Rivera,CUST-0008,F-0010,SYS-0027;SYS-0028;SYS-0029,"Full site service: boiler water and condensate tests, dosed treatment, checked softener",BW-210 3 gal; BW-305 2 gal; AM-115 1 qt; CT-770 6 gal; BRM-40 5 lb; CL-M40 1 gal,completed,,
V-0190,2026-06-18,Tomas Rivera,CUST-0004,F-0005,SYS-0014;SYS-0015;SYS-0016;SYS-0017;SYS-0018,"Full site service: tower water tests, dosed inhibitor and biocide, checked bleed valve",CT-785 3 gal; BRM-40 5 lb; CT-785 4 gal; BRM-40 5 lb; CT-785 3 gal; BRM-40 5 lb; CT-785 5 gal; BRM-40 5 lb,completed,,"Site contact unavailable, report left at office."
V-0191,2026-06-18,Dale Hardy,CUST-0016,F-0018,SYS-0046,"Tested boiler and feedwater, adjusted chemical feed, bottom blowdown",BW-210 1 gal; BW-305 1 gal,completed,,Chemical pumps primed and verified.
V-0192,2026-06-19,Kyle Bishop,CUST-0003,F-0004,SYS-0011;SYS-0012;SYS-0013,"Full site service: boiler water and condensate tests, dosed treatment, checked softener",BW-210 3 gal; BW-305 1 gal; CT-770 4 gal; BRM-40 5 lb,completed,,Housekeeping around feed area needs attention.
V-0193,2026-06-19,Tomas Rivera,CUST-0014,F-0016,SYS-0041;SYS-0042,"Routine boiler service: tests, chemical dosing, blowdown check",BW-210 1 gal; BW-305 1 gal; AM-115 1 qt; CT-770 5 gal; BRM-40 5 lb,completed,,
V-0194,2026-06-22,Tomas Rivera,CUST-0001,F-0001,SYS-0001;SYS-0002;SYS-0003;SYS-0004;SYS-0005,"Full site service: tested boiler and feedwater, adjusted chemical feed, bottom blowdown",BW-210 3 gal; BW-305 2 gal; AM-115 1 qt; BW-210 2 gal; BW-305 2 gal; CT-770 5 gal; BIO-12 1 gal; CT-770 5 gal; BIO-12 1 gal; CL-M40 1 gal,completed,,No issues noted.
V-0195,2026-06-22,Dale Hardy,CUST-0013,F-0015,SYS-0040,"Routine boiler service: tests, chemical dosing, blowdown check",BW-210 2 gal; BW-305 1 gal; AM-115 1 qt,completed,,
V-0196,2026-06-23,Marcus Webb,CUST-0002,F-0002,SYS-0006;SYS-0007;SYS-0008,"Full site service: tested boiler and feedwater, adjusted chemical feed, bottom blowdown",BW-210 3 gal; BW-305 2 gal; CT-770 5 gal; BIO-12 1 gal,completed,,
V-0197,2026-06-23,Marcus Webb,CUST-0002,F-0021,SYS-0009;SYS-0010,"Routine boiler service: tests, chemical dosing, blowdown check",BW-210 2 gal; BW-305 1 gal; CT-770 4 gal; BIO-12 1 gal,completed,2026-07-07,Left updated log sheet with operator.
V-0198,2026-06-24,Marcus Webb,CUST-0005,F-0006,SYS-0019;SYS-0020;SYS-0021,"Full site service: tested loop, checked pot feeder, dosed inhibitor",CL-40 12 gal; CT-770 3 gal; BIO-12 1 gal; BW-210 2 gal; BW-305 1 gal; AM-115 1 qt,completed,,Housekeeping around feed area needs attention.
V-0199,2026-06-24,Tomas Rivera,CUST-0008,F-0010,SYS-0027;SYS-0028;SYS-0029,"Full site service: boiler water and condensate tests, dosed treatment, checked softener",BW-210 3 gal; BW-305 2 gal; AM-115 1 qt; CT-770 6 gal; BIO-12 1 gal,completed,,No issues noted.
V-0200,2026-06-24,Tomas Rivera,CUST-0012,F-0014,SYS-0036;SYS-0037;SYS-0038;SYS-0039,"Full site service: boiler water and condensate tests, dosed treatment, checked softener",BW-210 2 gal; BW-305 1 gal; AM-115 1 qt; BW-210 3 gal; BW-305 2 gal; AM-115 1 qt; CT-770 5 gal; BIO-12 1 gal; CL-40 1 gal,completed,,No issues noted.
V-0201,2026-06-24,Tomas Rivera,CUST-0018,F-0020,SYS-0049;SYS-0050,"Condenser water tests, dosed treatment, checked spray coverage",CT-770 5 gal; BIO-12 1 gal; CT-770 6 gal; BIO-12 1 gal,completed,,All parameters in range.
V-0202,2026-06-25,Tomas Rivera,CUST-0004,F-0005,SYS-0014;SYS-0015;SYS-0016;SYS-0017;SYS-0018,"Full site service: tested tower, adjusted bleed setpoint, dosed treatment",CT-785 4 gal; BIO-12 1 gal; CT-785 3 gal; BIO-12 1 gal; CT-785 3 gal; BIO-12 1 gal; CT-785 6 gal; BIO-12 1 gal; CL-M40 1 gal,completed,,All parameters in range.
V-0203,2026-06-25,Dale Hardy,CUST-0007,F-0009,SYS-0025;SYS-0026,"Tested boiler and feedwater, adjusted chemical feed, bottom blowdown",BW-210 2 gal; BW-305 2 gal; AM-115 1 qt; CT-770 5 gal; BIO-12 1 gal,completed,,
V-0204,2026-06-26,Kyle Bishop,CUST-0003,F-0004,SYS-0011;SYS-0012;SYS-0013,"Full site service: tested boiler and feedwater, adjusted chemical feed, bottom blowdown",BW-210 1 gal; BW-305 2 gal; AM-115 1 qt; CT-770 5 gal; BIO-12 1 gal,completed,,
V-0205,2026-06-26,Dale Hardy,CUST-0006,F-0007,SYS-0022,"Callout: boiler low sulfite alarm, dosing pump not delivering",BW-210 2 gal; BW-305 1 gal,completed,,
V-0206,2026-06-26,Tomas Rivera,CUST-0014,F-0016,SYS-0041;SYS-0042,"Boiler water and condensate tests, dosed treatment, checked softener",BW-210 2 gal; BW-305 2 gal; AM-115 1 qt; CT-770 3 gal; BIO-12 1 gal,completed,,No issues noted.
V-0207,2026-06-29,Jenn Fowler,CUST-0001,F-0001,SYS-0001;SYS-0002;SYS-0003;SYS-0004;SYS-0005,"Full site service: boiler water and condensate tests, dosed treatment, checked softener",BW-210 2 gal; BW-305 1 gal; AM-115 1 qt; BW-210 3 gal; BW-305 1 gal; AM-115 1 qt; CT-770 4 gal; BRM-40 5 lb; CT-770 3 gal; BRM-40 5 lb,completed,,All parameters in range.
V-0208,2026-06-29,Kyle Bishop,CUST-0010,F-0012,SYS-0032;SYS-0033;SYS-0034,"Full site service: routine boiler service: tests, chemical dosing, blowdown check",BW-210 1 gal; BW-305 1 gal; BW-210 2 gal; BW-305 1 gal; AM-115 1 qt; CT-770 4 gal; BRM-40 5 lb,completed,,
V-0209,2026-06-30,Marcus Webb,CUST-0002,F-0002,SYS-0006;SYS-0007;SYS-0008,"Full site service: routine boiler service: tests, chemical dosing, blowdown check",BW-210 2 gal; BW-305 2 gal; CT-770 5 gal; BRM-40 5 lb,completed,,
V-0210,2026-06-30,Marcus Webb,CUST-0015,F-0017,SYS-0043;SYS-0044;SYS-0045,"Full site service: tower water tests, dosed inhibitor and biocide, checked bleed valve",CT-770 3 gal; BRM-40 5 lb,completed,,
V-0211,2026-07-01,Tomas Rivera,CUST-0008,F-0010,SYS-0027;SYS-0028;SYS-0029,"Full site service: boiler water and condensate tests, dosed treatment, checked softener",BW-210 3 gal; BW-305 1 gal; AM-115 1 qt; CT-770 4 gal; BRM-40 5 lb; CL-M40 1 gal,completed,,
V-0212,2026-07-01,Kyle Bishop,CUST-0022,F-0025,SYS-0053;SYS-0054,"Tested boiler and feedwater, adjusted chemical feed, bottom blowdown",BW-210 1 gal; BW-305 1 gal,completed,,Housekeeping around feed area needs attention.
V-0213,2026-07-02,Jenn Fowler,CUST-0004,F-0005,SYS-0014;SYS-0015;SYS-0016;SYS-0017;SYS-0018,"Full site service: tower water tests, dosed inhibitor and biocide, checked bleed valve",CT-785 3 gal; BRM-40 5 lb; CT-785 3 gal; BRM-40 5 lb; CT-785 3 gal; BRM-40 5 lb; CT-785 5 gal; BRM-40 5 lb,completed,2026-07-09,
V-0214,2026-07-02,Dale Hardy,CUST-0011,F-0013,SYS-0035,"Tested boiler and feedwater, adjusted chemical feed, bottom blowdown",BW-210 3 gal; BW-305 2 gal,completed,,
V-0215,2026-07-03,Kyle Bishop,CUST-0003,F-0004,SYS-0011;SYS-0012;SYS-0013,"Full site service: routine boiler service: tests, chemical dosing, blowdown check",BW-210 2 gal; BW-305 2 gal; CT-770 5 gal; BRM-40 5 lb,completed,2026-07-17,"Site contact unavailable, report left at office."
V-0216,2026-07-03,Jenn Fowler,CUST-0014,F-0016,SYS-0041;SYS-0042,"Tested boiler and feedwater, adjusted chemical feed, bottom blowdown",BW-210 1 gal; BW-305 2 gal; AM-115 1 qt; CT-770 6 gal; BRM-40 5 lb,completed,,Housekeeping around feed area needs attention.
V-0217,2026-07-06,Jenn Fowler,CUST-0001,F-0001,SYS-0001;SYS-0002;SYS-0003;SYS-0004;SYS-0005,"Full site service: tested boiler and feedwater, adjusted chemical feed, bottom blowdown",BW-210 1 gal; BW-305 2 gal; BW-210 2 gal; BW-305 1 gal; CT-770 5 gal; BIO-12 1 gal; CT-770 6 gal; BIO-12 1 gal; CL-M40 1 gal,completed,,
V-0218,2026-07-06,Dale Hardy,CUST-0006,F-0007,SYS-0022,"Boiler water and condensate tests, dosed treatment, checked softener",BW-210 2 gal; BW-305 1 gal,completed,,No issues noted.
V-0219,2026-07-06,Dale Hardy,CUST-0013,F-0015,SYS-0040,"Tested boiler and feedwater, adjusted chemical feed, bottom blowdown",BW-210 2 gal; BW-305 1 gal; AM-115 1 qt,completed,,No issues noted.
V-0220,2026-07-07,Marcus Webb,CUST-0002,F-0002,SYS-0006;SYS-0007;SYS-0008,"Full site service: boiler water and condensate tests, dosed treatment, checked softener",BW-210 2 gal; BW-305 2 gal; AM-115 1 qt; CT-770 5 gal; BIO-12 1 gal; CL-40 1 gal,completed,2026-07-21,No issues noted.
V-0221,2026-07-07,Marcus Webb,CUST-0002,F-0003,SYS-0009;SYS-0010,"Routine boiler service: tests, chemical dosing, blowdown check",BW-210 2 gal; BW-305 2 gal; CT-770 4 gal; BIO-12 1 gal,completed,,
V-0222,2026-07-08,Marcus Webb,CUST-0005,F-0006,SYS-0019;SYS-0020;SYS-0021,"Full site service: tested loop, checked pot feeder, dosed inhibitor",CL-40 12 gal; CT-770 4 gal; BIO-12 1 gal; BW-210 2 gal; BW-305 1 gal,completed,,Left updated log sheet with operator.
V-0223,2026-07-08,Dale Hardy,CUST-0006,F-0007,SYS-0022,"Callout: replaced dosing pump head, primed and verified feed",BW-210 2 gal; BW-305 1 gal; AM-115 1 qt,completed,,
V-0224,2026-07-08,Tomas Rivera,CUST-0008,F-0010,SYS-0027;SYS-0028;SYS-0029,"Full site service: routine boiler service: tests, chemical dosing, blowdown check",BW-210 1 gal; BW-305 1 gal; AM-115 1 qt; CT-770 5 gal; BIO-12 1 gal,completed,2026-07-15,
V-0225,2026-07-08,Tomas Rivera,CUST-0012,F-0014,SYS-0036;SYS-0037;SYS-0038;SYS-0039,"Full site service: routine boiler service: tests, chemical dosing, blowdown check",BW-210 1 gal; BW-305 2 gal; AM-115 1 qt; BW-210 2 gal; BW-305 1 gal; CT-770 5 gal; BIO-12 1 gal,completed,,
V-0226,2026-07-09,Jenn Fowler,CUST-0004,F-0005,SYS-0014;SYS-0015;SYS-0016;SYS-0017;SYS-0018,"Full site service: tower water tests, dosed inhibitor and biocide, checked bleed valve",CT-785 4 gal; BIO-12 1 gal; CT-785 6 gal; BIO-12 1 gal; CT-785 4 gal; BIO-12 1 gal; CT-785 5 gal; BIO-12 1 gal,completed,,Chemical pumps primed and verified.
V-0227,2026-07-09,Dale Hardy,CUST-0007,F-0009,SYS-0025;SYS-0026,"Routine boiler service: tests, chemical dosing, blowdown check",BW-210 3 gal; BW-305 2 gal; CT-770 4 gal; BIO-12 1 gal,completed,,No issues noted.
V-0228,2026-07-09,Dale Hardy,CUST-0009,F-0011,SYS-0030;SYS-0031,Loop sample and inhibitor top-up as needed,CT-770 6 gal; BIO-12 1 gal,completed,,All parameters in range.
V-0229,2026-07-10,Kyle Bishop,CUST-0003,F-0004,SYS-0011;SYS-0012;SYS-0013,"Full site service: routine boiler service: tests, chemical dosing, blowdown check",BW-210 3 gal; BW-305 1 gal; AM-115 1 qt; CT-770 3 gal; BIO-12 1 gal; CL-M40 1 gal,completed,2026-07-17,"Tower inhibitor on low side again, bumped feed. Will bring extra CT-770 next week."
V-0230,2026-07-10,Jenn Fowler,CUST-0014,F-0016,SYS-0041;SYS-0042,"Routine boiler service: tests, chemical dosing, blowdown check",BW-210 1 gal; BW-305 1 gal; AM-115 1 qt; CT-770 3 gal; BIO-12 1 gal,completed,,Left updated log sheet with operator.
V-0231,2026-07-13,Jenn Fowler,CUST-0001,F-0001,SYS-0001;SYS-0002;SYS-0003;SYS-0004;SYS-0005,"Full site service: routine boiler service: tests, chemical dosing, blowdown check",BW-210 2 gal; BW-305 1 gal; AM-115 1 qt; BW-210 3 gal; BW-305 1 gal; AM-115 1 qt; CT-770 4 gal; BRM-40 5 lb; CT-770 5 gal; BRM-40 5 lb; CL-M40 1 gal,completed,,"Bleed valve cycled manually, operating normally."
V-0232,2026-07-13,Kyle Bishop,CUST-0010,F-0012,SYS-0032;SYS-0033;SYS-0034,"Full site service: boiler water and condensate tests, dosed treatment, checked softener",BW-210 3 gal; BW-305 1 gal; BW-210 2 gal; BW-305 1 gal; CT-770 6 gal; BRM-40 5 lb,completed,2026-07-20,
V-0233,2026-07-14,Marcus Webb,CUST-0002,F-0002,SYS-0006;SYS-0007;SYS-0008,"Full site service: boiler water and condensate tests, dosed treatment, checked softener",BW-210 1 gal; BW-305 1 gal; CT-770 6 gal; BRM-40 5 lb; CL-40 1 gal,completed,,
V-0234,2026-07-14,Marcus Webb,CUST-0015,F-0017,SYS-0043;SYS-0044;SYS-0045,"Full site service: tested tower, adjusted bleed setpoint, dosed treatment",CT-770 4 gal; BRM-40 5 lb,completed,,
V-0235,2026-07-14,Dale Hardy,CUST-0020,F-0023,SYS-0051,"Boiler water and condensate tests, dosed treatment, checked softener",BW-210 2 gal; BW-305 1 gal; AM-115 1 qt,completed,,No issues noted.
V-0236,2026-07-15,Jenn Fowler,CUST-0004,F-0005,SYS-0014;SYS-0015;SYS-0016;SYS-0017;SYS-0018,Callout: reviewed BMS conductivity alarm with customer after controller swap,CT-785 3 gal; BRM-40 5 lb; CT-785 4 gal; BRM-40 5 lb; CT-785 5 gal; BRM-40 5 lb; CT-785 3 gal; BRM-40 5 lb,completed,,"Customer BMS alarming on conductivity after controller replacement on 7/14. Display values look 1000x field meter. Told Dana, customer vendor reviewing config."
V-0237,2026-07-15,Tomas Rivera,CUST-0008,F-0010,SYS-0027;SYS-0028;SYS-0029,"Full site service: tested boiler and feedwater, adjusted chemical feed, bottom blowdown",BW-210 2 gal; BW-305 2 gal; AM-115 1 qt; CT-770 5 gal; BRM-40 5 lb,completed,,No issues noted.
V-0238,2026-07-16,Jenn Fowler,CUST-0004,F-0005,SYS-0014;SYS-0015;SYS-0016;SYS-0017;SYS-0018,"Full site service: tested tower, adjusted bleed setpoint, dosed treatment",CT-785 5 gal; BRM-40 5 lb; CT-785 6 gal; BRM-40 5 lb; CT-785 5 gal; BRM-40 5 lb; CT-785 3 gal; BRM-40 5 lb,completed,2026-07-30,Chemical pumps primed and verified.
V-0239,2026-07-16,Dale Hardy,CUST-0016,F-0018,SYS-0046,"Tested boiler and feedwater, adjusted chemical feed, bottom blowdown",BW-210 1 gal; BW-305 1 gal; AM-115 1 qt,completed,2026-07-30,No issues noted.
V-0240,2026-07-17,Jenn Fowler,CUST-0014,F-0016,SYS-0041;SYS-0042,"Tested boiler and feedwater, adjusted chemical feed, bottom blowdown",BW-210 1 gal; BW-305 2 gal; AM-115 1 qt; CT-770 3 gal; BRM-40 5 lb,completed,,All parameters in range.
V-0241,2026-07-20,Jenn Fowler,CUST-0001,F-0001,SYS-0001;SYS-0002;SYS-0003;SYS-0004;SYS-0005,"Full site service: boiler water and condensate tests, dosed treatment, checked softener",BW-210 2 gal; BW-305 1 gal; AM-115 1 qt; BW-210 3 gal; BW-305 2 gal; AM-115 1 qt; CT-770 3 gal; BIO-12 1 gal; CT-770 4 gal; BIO-12 1 gal,completed,,
V-0242,2026-07-20,Dale Hardy,CUST-0013,F-0015,SYS-0040,"Boiler water and condensate tests, dosed treatment, checked softener",BW-210 2 gal; BW-305 2 gal; AM-115 1 qt,completed,2026-08-03,No issues noted.
V-0243,2026-07-21,Marcus Webb,CUST-0002,F-0002,SYS-0006;SYS-0007;SYS-0008,"Full site service: tested boiler and feedwater, adjusted chemical feed, bottom blowdown",BW-210 2 gal; BW-305 2 gal; CT-770 6 gal; BIO-12 1 gal,completed,,
V-0244,2026-07-21,Marcus Webb,CUST-0002,F-0003,SYS-0009;SYS-0010,"Tested boiler and feedwater, adjusted chemical feed, bottom blowdown",BW-210 2 gal; BW-305 2 gal; AM-115 1 qt; CT-770 4 gal; BIO-12 1 gal,completed,,Housekeeping around feed area needs attention.
V-0245,2026-07-21,Jenn Fowler,CUST-0017,F-0019,SYS-0047;SYS-0048,"Tested boiler and feedwater, adjusted chemical feed, bottom blowdown",BW-210 2 gal; BW-305 1 gal; AM-115 1 qt; CT-770 5 gal; BIO-12 1 gal,completed,2026-08-04,No issues noted.
V-0246,2026-07-22,Marcus Webb,CUST-0005,F-0006,SYS-0019;SYS-0020;SYS-0021,"Full site service: tested loop, checked pot feeder, dosed inhibitor",CL-40 13 gal; CT-770 5 gal; BIO-12 1 gal; BW-210 2 gal; BW-305 2 gal,completed,,"Makeup meter 45,600. Still taking roughly 400 gal/day. Customer maintenance says dig quote is on hold."
V-0247,2026-07-22,Tomas Rivera,CUST-0008,F-0010,SYS-0027;SYS-0028;SYS-0029,"Full site service: boiler water and condensate tests, dosed treatment, checked softener",BW-210 3 gal; BW-305 1 gal; AM-115 1 qt; CT-770 3 gal; BIO-12 1 gal,completed,,
V-0248,2026-07-22,Tomas Rivera,CUST-0012,F-0014,SYS-0036;SYS-0037;SYS-0038;SYS-0039,"Full site service: boiler water and condensate tests, dosed treatment, checked softener",BW-210 2 gal; BW-305 1 gal; AM-115 1 qt; BW-210 2 gal; BW-305 2 gal; AM-115 1 qt; CT-770 6 gal; BIO-12 1 gal; CL-40 1 gal,completed,,"Tower conductivity low after two days of heavy rain, expected to recover. No action."
V-0249,2026-07-22,Tomas Rivera,CUST-0018,F-0020,SYS-0049;SYS-0050,"Routine condenser service: tests, biocide, basin inspection",CT-770 3 gal; BIO-12 1 gal; CT-770 6 gal; BIO-12 1 gal,completed,,"Condenser conductivity diluted by storm carryover, will recover with normal bleed. No action."
V-0250,2026-07-23,Jenn Fowler,CUST-0004,F-0005,SYS-0014;SYS-0015;SYS-0016;SYS-0017;SYS-0018,"Full site service: routine tower service: tests, biocide rotation, sump inspection",CT-785 6 gal; BIO-12 1 gal; CT-785 5 gal; BIO-12 1 gal; CT-785 4 gal; BIO-12 1 gal; CT-785 3 gal; BIO-12 1 gal; CL-M40 1 gal,completed,,"Site contact unavailable, report left at office."
V-0251,2026-07-23,Dale Hardy,CUST-0007,F-0009,SYS-0025;SYS-0026,"Boiler water and condensate tests, dosed treatment, checked softener",BW-210 2 gal; BW-305 1 gal; CT-770 6 gal; BIO-12 1 gal,completed,,"Site contact unavailable, report left at office."
V-0252,2026-07-24,Jenn Fowler,CUST-0014,F-0016,SYS-0041;SYS-0042,"Routine boiler service: tests, chemical dosing, blowdown check",BW-210 2 gal; BW-305 1 gal; CT-770 5 gal; BIO-12 1 gal,completed,2026-08-07,Chemical pumps primed and verified.
V-0253,2026-07-27,Jenn Fowler,CUST-0001,F-0001,SYS-0001;SYS-0002;SYS-0003;SYS-0004;SYS-0005,"Full site service: tested boiler and feedwater, adjusted chemical feed, bottom blowdown",BW-210 1 gal; BW-305 1 gal; AM-115 1 qt; BW-210 1 gal; BW-305 1 gal; AM-115 1 qt; CT-770 4 gal; BRM-40 5 lb; CT-770 5 gal; BRM-40 5 lb,completed,,Left updated log sheet with operator.
V-0254,2026-07-27,Marcus Webb,CUST-0010,F-0012,SYS-0032;SYS-0033;SYS-0034,"Full site service: tested boiler and feedwater, adjusted chemical feed, bottom blowdown",BW-210 1 gal; BW-305 2 gal; AM-115 1 qt; BW-210 1 gal; BW-305 1 gal; AM-115 1 qt; CT-770 5 gal; BRM-40 5 lb,completed,2026-08-10,
V-0255,2026-07-28,Marcus Webb,CUST-0002,F-0002,SYS-0006;SYS-0007;SYS-0008,"Full site service: tested boiler and feedwater, adjusted chemical feed, bottom blowdown",BW-210 2 gal; BW-305 1 gal; AM-115 1 qt; CT-770 5 gal; BRM-40 5 lb; CL-40 1 gal,completed,2026-08-27,
V-0256,2026-07-28,Aaron Silva,CUST-0015,F-0017,SYS-0043;SYS-0044;SYS-0045,"Full site service: tower water tests, dosed inhibitor and biocide, checked bleed valve",CT-770 4 gal; BRM-40 5 lb,completed,,All parameters in range.
V-0257,2026-07-29,Tomas Rivera,CUST-0008,F-0010,SYS-0027;SYS-0028;SYS-0029,"Full site service: tested boiler and feedwater, adjusted chemical feed, bottom blowdown",BW-210 2 gal; BW-305 1 gal; AM-115 1 qt; CT-770 5 gal; BRM-40 5 lb; CL-M40 1 gal,completed,,Chemical pumps primed and verified.
V-0258,2026-07-30,Jenn Fowler,CUST-0004,F-0005,SYS-0014;SYS-0015;SYS-0016;SYS-0017;SYS-0018,"Full site service: tested tower, adjusted bleed setpoint, dosed treatment",CT-785 4 gal; BRM-40 5 lb; CT-785 5 gal; BRM-40 5 lb; CT-785 3 gal; BRM-40 5 lb; CT-785 5 gal; BRM-40 5 lb,completed,,All parameters in range.
V-0259,2026-07-31,Jenn Fowler,CUST-0014,F-0016,SYS-0041;SYS-0042,"Routine boiler service: tests, chemical dosing, blowdown check",BW-210 1 gal; BW-305 2 gal; CT-770 5 gal; BRM-40 5 lb,completed,,
V-0260,2026-08-03,Jenn Fowler,CUST-0001,F-0001,SYS-0001;SYS-0002;SYS-0003;SYS-0004;SYS-0005,"Full site service: boiler water and condensate tests, dosed treatment, checked softener",BW-210 3 gal; BW-305 1 gal; AM-115 1 qt; BW-210 2 gal; BW-305 2 gal; CT-770 6 gal; BIO-12 1 gal; CT-770 6 gal; BIO-12 1 gal; CL-M40 1 gal,completed,,
V-0261,2026-08-03,Dale Hardy,CUST-0006,F-0007,SYS-0022,"Boiler water and condensate tests, dosed treatment, checked softener",BW-210 2 gal; BW-305 1 gal,completed,2026-08-10,"Sulfite at 0. Day tank empty, pump ran dry. Refilled and primed, but suspect suction line air leak. Needs return visit."
V-0262,2026-08-03,Dale Hardy,CUST-0013,F-0015,SYS-0040,"Routine boiler service: tests, chemical dosing, blowdown check",BW-210 3 gal; BW-305 2 gal,completed,,Chemical pumps primed and verified.
V-0263,2026-08-04,Marcus Webb,CUST-0002,F-0002,SYS-0006;SYS-0007;SYS-0008,"Full site service: routine boiler service: tests, chemical dosing, blowdown check",BW-210 1 gal; BW-305 1 gal; AM-115 1 qt; CT-770 5 gal; BIO-12 1 gal; CL-40 1 gal,completed,2026-08-11,
V-0264,2026-08-04,Marcus Webb,CUST-0002,F-0003,SYS-0009;SYS-0010,"Boiler water and condensate tests, dosed treatment, checked softener",BW-210 3 gal; BW-305 2 gal; CT-770 3 gal; BIO-12 1 gal,completed,,Chemical pumps primed and verified.
V-0265,2026-08-05,Marcus Webb,CUST-0005,F-0006,SYS-0019;SYS-0020;SYS-0021,Full site service: loop sample and inhibitor top-up as needed,CL-40 14 gal; CT-770 5 gal; BIO-12 1 gal; BW-210 1 gal; BW-305 1 gal; AM-115 1 qt,completed,,Chemical pumps primed and verified.
V-0266,2026-08-05,Tomas Rivera,CUST-0008,F-0010,SYS-0027;SYS-0028;SYS-0029,"Full site service: routine boiler service: tests, chemical dosing, blowdown check",BW-210 3 gal; BW-305 1 gal; CT-770 3 gal; BIO-12 1 gal,completed,,Left updated log sheet with operator.
V-0267,2026-08-05,Tomas Rivera,CUST-0012,F-0014,SYS-0036;SYS-0037;SYS-0038;SYS-0039,"Full site service: tested boiler and feedwater, adjusted chemical feed, bottom blowdown",BW-210 3 gal; BW-305 2 gal; AM-115 1 qt; BW-210 3 gal; BW-305 1 gal; AM-115 1 qt; CT-770 5 gal; BIO-12 1 gal,completed,,"Site contact unavailable, report left at office."
V-0268,2026-08-05,Marcus Webb,CUST-0022,F-0025,,,,missed - rescheduled,,Rescheduled with site contact.
V-0269,2026-08-06,Jenn Fowler,CUST-0004,F-0005,SYS-0014;SYS-0015;SYS-0016;SYS-0017;SYS-0018,"Full site service: routine tower service: tests, biocide rotation, sump inspection",CT-785 5 gal; BIO-12 1 gal; CT-785 3 gal; BIO-12 1 gal; CT-785 6 gal; BIO-12 1 gal; CT-785 5 gal; BIO-12 1 gal,completed,2026-09-05,"Site contact unavailable, report left at office."
V-0270,2026-08-06,Dale Hardy,CUST-0011,F-0013,SYS-0035,"Routine boiler service: tests, chemical dosing, blowdown check",BW-210 1 gal; BW-305 1 gal; AM-115 1 qt,completed,2026-08-20,
V-0271,2026-08-06,Dale Hardy,CUST-0019,F-0022,SYS-0025;SYS-0026,"Tested boiler and feedwater, adjusted chemical feed, bottom blowdown",BW-210 3 gal; BW-305 2 gal; AM-115 1 qt; CT-770 4 gal; BIO-12 1 gal,completed,,"Site contact unavailable, report left at office."
V-0272,2026-08-07,Jenn Fowler,CUST-0014,F-0016,SYS-0041;SYS-0042,"Tested boiler and feedwater, adjusted chemical feed, bottom blowdown",BW-210 2 gal; BW-305 1 gal; AM-115 1 qt; CT-770 3 gal; BIO-12 1 gal,completed,,
V-0273,2026-08-10,Jenn Fowler,CUST-0001,F-0001,SYS-0001;SYS-0002;SYS-0003;SYS-0004;SYS-0005,"Full site service: boiler water and condensate tests, dosed treatment, checked softener",BW-210 1 gal; BW-305 1 gal; AM-115 1 qt; BW-210 3 gal; BW-305 2 gal; AM-115 1 qt; CT-770 5 gal; BRM-40 5 lb; CT-770 5 gal; BRM-40 5 lb,completed,,
V-0274,2026-08-10,Marcus Webb,CUST-0010,F-0012,SYS-0032;SYS-0033;SYS-0034,"Full site service: boiler water and condensate tests, dosed treatment, checked softener",BW-210 3 gal; BW-305 1 gal; AM-115 1 qt; BW-210 3 gal; BW-305 2 gal; AM-115 1 qt; CT-770 6 gal; BRM-40 5 lb,completed,,Housekeeping around feed area needs attention.
V-0275,2026-08-11,Marcus Webb,CUST-0002,F-0002,SYS-0006;SYS-0007;SYS-0008,"Full site service: boiler water and condensate tests, dosed treatment, checked softener",BW-210 3 gal; BW-305 1 gal; AM-115 1 qt; CT-770 5 gal; BRM-40 5 lb; CL-40 2 gal,completed,,"Bleed valve cycled manually, operating normally."
V-0276,2026-08-11,Tomas Rivera,CUST-0008,F-0010,SYS-0027;SYS-0028;SYS-0029,Callout: chilled loop glycol top-off after coil repair,BW-210 1 gal; BW-305 1 gal; AM-115 1 qt; CT-770 6 gal; BRM-40 5 lb; CL-M40 1 gal,completed,2026-08-25,
V-0277,2026-08-11,Aaron Silva,CUST-0015,F-0017,SYS-0043;SYS-0044;SYS-0045,"Full site service: tower water tests, dosed inhibitor and biocide, checked bleed valve",CT-770 4 gal; BRM-40 5 lb; CL-M40 1 gal,completed,2026-09-10,
V-0278,2026-08-11,Aaron Silva,CUST-0020,F-0023,SYS-0051,"Tested boiler and feedwater, adjusted chemical feed, bottom blowdown",BW-210 3 gal; BW-305 2 gal; AM-115 1 qt,completed,,Housekeeping around feed area needs attention.
V-0279,2026-08-12,Tomas Rivera,CUST-0008,F-0010,SYS-0027;SYS-0028;SYS-0029,"Full site service: tested boiler and feedwater, adjusted chemical feed, bottom blowdown",BW-210 2 gal; BW-305 1 gal; CT-770 3 gal; BRM-40 5 lb,completed,2026-08-19,
V-0280,2026-08-13,Jenn Fowler,CUST-0004,F-0005,SYS-0014;SYS-0015;SYS-0016;SYS-0017;SYS-0018,"Full site service: routine tower service: tests, biocide rotation, sump inspection",CT-785 6 gal; BRM-40 5 lb; CT-785 3 gal; BRM-40 5 lb; CT-785 5 gal; BRM-40 5 lb; CT-785 5 gal; BRM-40 5 lb,completed,,
V-0281,2026-08-13,Dale Hardy,CUST-0009,F-0011,SYS-0030;SYS-0031,"Tested loop, checked pot feeder, dosed inhibitor",CT-770 6 gal; BRM-40 5 lb,completed,,No issues noted.
V-0282,2026-08-14,Jenn Fowler,CUST-0014,F-0016,SYS-0041;SYS-0042,"Boiler water and condensate tests, dosed treatment, checked softener",BW-210 1 gal; BW-305 1 gal; AM-115 1 qt; CT-770 4 gal; BRM-40 5 lb,completed,,"Tower conductivity trending up over summer, bleed valve sticking intermittently. Cleaned stem, monitor."
V-0283,2026-08-17,Jenn Fowler,CUST-0001,F-0001,SYS-0001;SYS-0002;SYS-0003;SYS-0004;SYS-0005,"Full site service: boiler water and condensate tests, dosed treatment, checked softener",BW-210 3 gal; BW-305 1 gal; AM-115 1 qt; BW-210 2 gal; BW-305 2 gal; CT-770 4 gal; BIO-12 1 gal; CT-770 5 gal; BIO-12 1 gal,completed,,
V-0284,2026-08-17,Dale Hardy,CUST-0013,F-0015,SYS-0040,"Tested boiler and feedwater, adjusted chemical feed, bottom blowdown",BW-210 3 gal; BW-305 1 gal; AM-115 1 qt,completed,,
V-0285,2026-08-17,Aaron Silva,CUST-0021,F-0024,SYS-0052,"Boiler water and condensate tests, dosed treatment, checked softener",BW-210 2 gal; BW-305 1 gal; AM-115 1 qt,completed,,
V-0286,2026-08-18,Marcus Webb,CUST-0002,F-0002,SYS-0006;SYS-0007;SYS-0008,"Full site service: tested boiler and feedwater, adjusted chemical feed, bottom blowdown",BW-210 2 gal; BW-305 2 gal; CT-770 3 gal; BIO-12 1 gal; CL-40 1 gal,completed,,All parameters in range.
V-0287,2026-08-18,Marcus Webb,CUST-0002,F-0003,SYS-0009;SYS-0010,"Routine boiler service: tests, chemical dosing, blowdown check",BW-210 2 gal; BW-305 1 gal; AM-115 1 qt; CT-770 3 gal; BIO-12 1 gal,completed,,
V-0288,2026-08-18,Jenn Fowler,CUST-0017,F-0019,SYS-0047;SYS-0048,"Boiler water and condensate tests, dosed treatment, checked softener",BW-210 2 gal; BW-305 1 gal; AM-115 1 qt; CT-770 6 gal; BIO-12 1 gal,completed,,
V-0289,2026-08-19,Marcus Webb,CUST-0005,F-0006,SYS-0019;SYS-0020;SYS-0021,Full site service: loop sample and inhibitor top-up as needed,CL-40 14 gal; CT-770 4 gal; BIO-12 1 gal; BW-210 2 gal; BW-305 1 gal; AM-115 1 qt,completed,,"Makeup meter 51,480. Nitrite burn-through continues, dosing heavy to compensate. Needs decision on leak locate."
V-0290,2026-08-19,Tomas Rivera,CUST-0008,F-0010,SYS-0027;SYS-0028;SYS-0029,"Full site service: boiler water and condensate tests, dosed treatment, checked softener",BW-210 2 gal; BW-305 1 gal; AM-115 1 qt; CT-770 4 gal; BIO-12 1 gal; CL-M40 1 gal,completed,2026-08-26,Housekeeping around feed area needs attention.
V-0291,2026-08-19,Tomas Rivera,CUST-0012,F-0014,SYS-0036;SYS-0037;SYS-0038;SYS-0039,"Full site service: tested boiler and feedwater, adjusted chemical feed, bottom blowdown",BW-210 2 gal; BW-305 2 gal; AM-115 1 qt; BW-210 2 gal; BW-305 2 gal; AM-115 1 qt; CT-770 5 gal; BIO-12 1 gal,completed,,Housekeeping around feed area needs attention.
V-0292,2026-08-20,Jenn Fowler,CUST-0004,F-0005,SYS-0014;SYS-0015;SYS-0016;SYS-0017;SYS-0018,"Full site service: routine tower service: tests, biocide rotation, sump inspection",CT-785 6 gal; BIO-12 1 gal; CT-785 4 gal; BIO-12 1 gal; CT-785 5 gal; BIO-12 1 gal; CT-785 6 gal; BIO-12 1 gal; CL-M40 1 gal,completed,,
V-0293,2026-08-20,Dale Hardy,CUST-0007,F-0009,SYS-0025;SYS-0026,"Routine boiler service: tests, chemical dosing, blowdown check",BW-210 3 gal; BW-305 1 gal; AM-115 1 qt; CT-770 3 gal; BIO-12 1 gal,completed,,"Bleed valve cycled manually, operating normally."
V-0294,2026-08-20,Dale Hardy,CUST-0016,F-0018,SYS-0046,"Boiler water and condensate tests, dosed treatment, checked softener",BW-210 3 gal; BW-305 2 gal,completed,,Left updated log sheet with operator.
V-0295,2026-08-21,Jenn Fowler,CUST-0014,F-0016,SYS-0041;SYS-0042,"Routine boiler service: tests, chemical dosing, blowdown check",BW-210 2 gal; BW-305 2 gal; AM-115 1 qt; CT-770 5 gal; BIO-12 1 gal,completed,,Left updated log sheet with operator.
V-0296,2026-08-24,Jenn Fowler,CUST-0001,F-0001,SYS-0001;SYS-0002;SYS-0003;SYS-0004;SYS-0005,"Full site service: tested boiler and feedwater, adjusted chemical feed, bottom blowdown",BW-210 1 gal; BW-305 1 gal; AM-115 1 qt; BW-210 2 gal; BW-305 1 gal; AM-115 1 qt; CT-770 6 gal; BRM-40 5 lb; CT-770 6 gal; BRM-40 5 lb,completed,2026-09-23,"Site contact unavailable, report left at office."
V-0297,2026-08-24,Marcus Webb,CUST-0010,F-0012,SYS-0032;SYS-0033;SYS-0034,"Full site service: routine boiler service: tests, chemical dosing, blowdown check",BW-210 2 gal; BW-305 1 gal; AM-115 1 qt; BW-210 3 gal; BW-305 2 gal; CT-770 5 gal; BRM-40 5 lb,completed,,All parameters in range.
V-0298,2026-08-25,Marcus Webb,CUST-0002,F-0002,SYS-0006;SYS-0007;SYS-0008,"Full site service: boiler water and condensate tests, dosed treatment, checked softener",BW-210 2 gal; BW-305 1 gal; AM-115 1 qt; CT-770 6 gal; BRM-40 5 lb; CL-40 1 gal,completed,,All parameters in range.
V-0299,2026-08-25,Aaron Silva,CUST-0015,F-0017,SYS-0043;SYS-0044;SYS-0045,"Full site service: routine tower service: tests, biocide rotation, sump inspection",CT-770 3 gal; BRM-40 5 lb,completed,,Housekeeping around feed area needs attention.
V-0300,2026-08-26,Tomas Rivera,CUST-0008,F-0010,SYS-0027;SYS-0028;SYS-0029,"Full site service: tested boiler and feedwater, adjusted chemical feed, bottom blowdown",BW-210 2 gal; BW-305 1 gal; CT-770 6 gal; BRM-40 5 lb,completed,,No issues noted.
V-0301,2026-08-26,Tomas Rivera,CUST-0018,F-0020,SYS-0049;SYS-0050,"Condenser water tests, dosed treatment, checked spray coverage",CT-770 3 gal; BRM-40 5 lb; CT-770 6 gal; BRM-40 5 lb,completed,,Left updated log sheet with operator.
V-0302,2026-08-27,Jenn Fowler,CUST-0004,F-0005,SYS-0014;SYS-0015;SYS-0016;SYS-0017;SYS-0018,"Full site service: tower water tests, dosed inhibitor and biocide, checked bleed valve",CT-785 3 gal; BRM-40 5 lb; CT-785 6 gal; BRM-40 5 lb; CT-785 4 gal; BRM-40 5 lb; CT-785 3 gal; BRM-40 5 lb,completed,,
V-0303,2026-08-28,Jenn Fowler,CUST-0014,F-0016,SYS-0041;SYS-0042,"Boiler water and condensate tests, dosed treatment, checked softener",BW-210 2 gal; BW-305 1 gal; AM-115 1 qt; CT-770 5 gal; BRM-40 5 lb,completed,2026-09-11,No issues noted.
V-0304,2026-08-31,Jenn Fowler,CUST-0001,F-0001,SYS-0001;SYS-0002;SYS-0003;SYS-0004;SYS-0005,"Full site service: boiler water and condensate tests, dosed treatment, checked softener",BW-210 2 gal; BW-305 1 gal; AM-115 1 qt; BW-210 1 gal; BW-305 1 gal; AM-115 1 qt; CT-770 5 gal; BIO-12 1 gal; CT-770 5 gal; BIO-12 1 gal,completed,,CT-2 dipslide still elevated. See field notes. Waiting on approval for offline clean and disinfection.
V-0305,2026-08-31,Dale Hardy,CUST-0013,F-0015,SYS-0040,"Tested boiler and feedwater, adjusted chemical feed, bottom blowdown",BW-210 3 gal; BW-305 2 gal,completed,,Left updated log sheet with operator.
